checked_at_utc,market_ticker,sport,reason,price_delta_cents,settlement_result,settlement_price_cents,clv_status
2026-09-27T00:31:59.863462+00:00,KXNCAAFTOTAL-26SEP26NCCUECU-57,cfb,volume spike x4.2,-1,no,0,confirmed
2026-09-27T00:31:59.863462+00:00,KXMLBSPREAD-26SEP251305CHCBOSG1-CHC2,mlb,price moved -7c,-7,no,0,confirmed
2026-09-27T00:31:59.863462+00:00,KXMLBSPREAD-26SEP251305CHCBOSG1-CHC3,mlb,price moved -8c,-8,no,0,confirmed
2026-09-27T00:31:59.863462+00:00,KXMLBSPREAD-26SEP251305CHCBOSG1-CHC4,mlb,price moved -7c,-7,no,0,confirmed
2026-09-27T00:31:59.863462+00:00,KXMLBSPREAD-26SEP251305CHCBOSG1-CHC6,mlb,price moved -5c,-5,no,0,confirmed
2026-09-27T00:31:59.863462+00:00,KXMLBTOTAL-26SEP251305CHCBOSG1-6,mlb,price moved -5c,-5,yes,100,reversed
2026-09-27T00:31:59.863462+00:00,KXMLBTOTAL-26SEP251305CHCBOSG1-7,mlb,price moved -6c,-6,yes,100,reversed
2026-09-27T00:31:59.863462+00:00,KXMLBTOTAL-26SEP251305CHCBOSG1-8,mlb,price moved -8c,-8,no,0,confirmed
2026-09-27T00:31:59.863462+00:00,KXMLBTOTAL-26SEP251305CHCBOSG1-9,mlb,price moved -8c,-8,no,0,confirmed
2026-09-27T00:31:59.863462+00:00,KXMLBTOTAL-26SEP251305CHCBOSG1-10,mlb,price moved -5c,-5,no,0,confirmed
2026-09-27T00:31:59.863462+00:00,KXMLBTOTAL-26SEP251907CINTOR-10,mlb,volume spike x3.7,0,yes,100,push
2026-09-27T00:31:59.863462+00:00,KXNCAAFSPREAD-26SEP25ARMYTEM-ARMY21,cfb,volume spike x3.8,-1,no,0,confirmed
2026-09-27T00:31:59.863462+00:00,KXNCAAFSPREAD-26SEP25ARMYTEM-ARMY15,cfb,volume spike x24.5,1,no,0,reversed
2026-09-27T00:31:59.863462+00:00,KXNCAAFSPREAD-26SEP25ARMYTEM-ARMY5,cfb,volume spike x6.3,0,no,0,push
2026-09-27T00:31:59.863462+00:00,KXNCAAFSPREAD-26SEP25ARMYTEM-TEM6,cfb,volume spike x83.5,0,no,0,push
2026-09-27T00:31:59.863462+00:00,KXNCAAFSPREAD-26SEP25ARMYTEM-TEM10,cfb,volume spike x13.9,-4,no,0,confirmed
2026-09-27T00:31:59.863462+00:00,KXNCAAFSPREAD-26SEP25ARMYTEM-TEM18,cfb,volume spike x4.1,0,no,0,push
2026-09-27T00:31:59.863462+00:00,KXNCAAFSPREAD-26SEP25HARVBRWN-HARV10,cfb,price moved -5c,-5,no,0,confirmed
2026-09-27T00:31:59.863462+00:00,KXNCAAFSPREAD-26SEP25HARVBRWN-HARV10,cfb,volume spike x5.3,-5,no,0,confirmed
2026-09-27T00:31:59.863462+00:00,KXNCAAFSPREAD-26SEP25HARVBRWN-HARV6,cfb,volume spike x21.9,2,no,0,reversed
2026-09-27T00:31:59.863462+00:00,KXNCAAFSPREAD-26SEP25HARVBRWN-HARV2,cfb,volume spike x86.1,0,yes,100,push
2026-09-27T00:31:59.863462+00:00,KXNCAAFSPREAD-26SEP25HOWRUTG-RUTG58,cfb,price moved +12c,12,no,0,reversed
2026-09-27T00:31:59.863462+00:00,KXNCAAFSPREAD-26SEP25NAVYUAB-NAVY5,cfb,volume spike x4.4,0,no,0,push
2026-09-27T00:31:59.863462+00:00,KXNCAAFSPREAD-26SEP25NAVYUAB-UAB7,cfb,volume spike x3.9,-1,no,0,confirmed
2026-09-27T00:31:59.863462+00:00,KXNCAAFSPREAD-26SEP25NWIND-IND36,cfb,volume spike x45.0,-1,no,0,confirmed
2026-09-27T00:31:59.863462+00:00,KXNCAAFSPREAD-26SEP25NWIND-IND10,cfb,volume spike x3.6,0,no,0,push
2026-09-27T00:31:59.863462+00:00,KXNCAAFSPREAD-26SEP26UCLAMD-UCLA5,cfb,price moved +40c,40,yes,100,confirmed
2026-09-27T00:31:59.863462+00:00,KXNCAAFSPREAD-26SEP26UTMPEAY-PEAY16,cfb,price moved +9c,9,yes,100,confirmed
2026-09-27T00:31:59.863462+00:00,KXNCAAFSPREAD-26SEP26MISSFLA-FLA14,cfb,volume spike x7.8,2,yes,100,confirmed
2026-09-27T00:31:59.863462+00:00,KXNCAAFSPREAD-26SEP26VANAUB-AUB21,cfb,price moved +26c,26,no,0,reversed
2026-09-27T00:31:59.863462+00:00,KXNCAAFTOTAL-26SEP25ARMYTEM-54,cfb,volume spike x10.2,1,no,0,reversed
2026-09-27T00:31:59.863462+00:00,KXNCAAFTOTAL-26SEP25ARMYTEM-55,cfb,volume spike x9.0,1,no,0,reversed
2026-09-27T00:31:59.863462+00:00,KXNCAAFTOTAL-26SEP25ARMYTEM-61,cfb,volume spike x3.4,1,no,0,reversed
2026-09-27T00:31:59.863462+00:00,KXNCAAFTOTAL-26SEP25ARMYTEM-73,cfb,volume spike x4.1,0,no,0,push
2026-09-27T00:31:59.863462+00:00,KXNCAAFTOTAL-26SEP25HARVBRWN-42,cfb,price moved +13c,13,no,0,reversed
2026-09-27T00:31:59.863462+00:00,KXNCAAFTOTAL-26SEP26ILLOSU-54,cfb,volume spike x7.6,0,yes,100,push
2026-09-27T00:31:59.863462+00:00,KXNCAAFTOTAL-26SEP26UNHSHU-50,cfb,price moved +49c,49,no,0,reversed
2026-09-27T00:31:59.863462+00:00,KXNCAAFTOTAL-26SEP26LINWEMU-49,cfb,price moved +56c,56,no,0,reversed
2026-09-27T00:31:59.863462+00:00,KXNCAAFTOTAL-26SEP26NHCMRMK-47,cfb,price moved +5c,5,no,0,reversed
2026-09-27T00:31:59.863462+00:00,KXNCAAFTOTAL-26SEP26NHCMRMK-47,cfb,volume spike x3.8,5,no,0,reversed
2026-09-27T00:31:59.863462+00:00,KXNCAAFTOTAL-26SEP26UNDINST-59,cfb,volume spike x3.2,-3,yes,100,reversed
2026-09-27T00:31:59.863462+00:00,KXNCAAFTOTAL-26SEP26NDPUR-46,cfb,volume spike x5.0,-1,yes,100,reversed
2026-09-27T00:31:59.863462+00:00,KXNCAAFTOTAL-26SEP26UTMPEAY-52,cfb,price moved +53c,53,no,0,reversed
2026-09-27T00:31:59.863462+00:00,KXNCAAFTOTAL-26SEP26CARKFSU-59,cfb,price moved +62c,62,no,0,reversed
2026-09-27T00:31:59.863462+00:00,KXNCAAFTOTAL-26SEP26RMUBUFF-47,cfb,price moved +48c,48,yes,100,confirmed
2026-09-27T00:31:59.863462+00:00,KXNCAAFTOTAL-26SEP26WCUETSU-62,cfb,price moved +15c,15,yes,100,confirmed
2026-09-27T00:31:59.863462+00:00,KXNCAAFTOTAL-26SEP26WCUETSU-62,cfb,volume spike x3.1,15,yes,100,confirmed
2026-09-27T00:31:59.863462+00:00,KXMLBGAME-26SEP251305CHCBOSG1-CHC,mlb,price moved -62c,-62,no,0,confirmed
2026-09-27T00:31:59.863462+00:00,KXMLBGAME-26SEP251305CHCBOSG1-BOS,mlb,price moved +61c,61,yes,100,confirmed
2026-09-27T00:31:59.863462+00:00,KXMLBSPREAD-26SEP251305CHCBOSG1-BOS3,mlb,price moved +5c,5,no,0,reversed
2026-09-27T00:31:59.863462+00:00,KXMLBSPREAD-26SEP251305CHCBOSG1-BOS2,mlb,price moved +9c,9,no,0,reversed
2026-09-27T00:31:59.863462+00:00,KXMLBSPREAD-26SEP251305CHCBOSG1-BOS2,mlb,volume spike x3.1,9,no,0,reversed
2026-09-27T00:31:59.863462+00:00,KXMLBSPREAD-26SEP251305CHCBOSG1-CHC2,mlb,price moved -50c,-50,no,0,confirmed
2026-09-27T00:31:59.863462+00:00,KXMLBSPREAD-26SEP251305CHCBOSG1-CHC3,mlb,price moved -28c,-28,no,0,confirmed
2026-09-27T00:31:59.863462+00:00,KXMLBSPREAD-26SEP251305CHCBOSG1-CHC4,mlb,price moved -18c,-18,no,0,confirmed
2026-09-27T00:31:59.863462+00:00,KXMLBSPREAD-26SEP251305CHCBOSG1-CHC5,mlb,price moved -11c,-11,no,0,confirmed
2026-09-27T00:31:59.863462+00:00,KXMLBSPREAD-26SEP251305CHCBOSG1-CHC6,mlb,price moved -6c,-6,no,0,confirmed
2026-09-27T00:31:59.863462+00:00,KXMLBSPREAD-26SEP251605BALNYYG1-BAL2,mlb,volume spike x5.1,0,yes,100,push
2026-09-27T00:31:59.863462+00:00,KXMLBSPREAD-26SEP251605BALNYYG1-BAL3,mlb,price moved +23c,23,yes,100,confirmed
2026-09-27T00:31:59.863462+00:00,KXMLBSPREAD-26SEP251605BALNYYG1-BAL4,mlb,volume spike x4.4,1,yes,100,confirmed
2026-09-27T00:31:59.863462+00:00,KXMLBSPREAD-26SEP252010TEXMIN-MIN2,mlb,volume spike x4.3,0,yes,100,push
2026-09-27T00:31:59.863462+00:00,KXMLBSPREAD-26SEP252010TEXMIN-TEX2,mlb,volume spike x4.6,1,no,0,reversed
2026-09-27T00:31:59.863462+00:00,KXMLBSPREAD-26SEP252140AZSD-SD4,mlb,volume spike x66.5,1,no,0,reversed
2026-09-27T00:31:59.863462+00:00,KXMLBSPREAD-26SEP252140AZSD-AZ3,mlb,volume spike x12.4,0,yes,100,push
2026-09-27T00:31:59.863462+00:00,KXMLBSPREAD-26SEP252140AZSD-AZ4,mlb,price moved +17c,17,yes,100,confirmed
2026-09-27T00:31:59.863462+00:00,KXMLBSPREAD-26SEP252215LADSF-SF4,mlb,price moved +5c,5,no,0,reversed
2026-09-27T00:31:59.863462+00:00,KXMLBTOTAL-26SEP251305CHCBOSG1-5,mlb,price moved +8c,8,yes,100,confirmed
2026-09-27T00:31:59.863462+00:00,KXMLBTOTAL-26SEP251305CHCBOSG1-6,mlb,price moved +26c,26,yes,100,confirmed
2026-09-27T00:31:59.863462+00:00,KXMLBTOTAL-26SEP251305CHCBOSG1-7,mlb,price moved +40c,40,yes,100,confirmed
2026-09-27T00:31:59.863462+00:00,KXMLBTOTAL-26SEP251305CHCBOSG1-8,mlb,price moved +6c,6,no,0,reversed
2026-09-27T00:31:59.863462+00:00,KXMLBTOTAL-26SEP251305CHCBOSG1-9,mlb,price moved +10c,10,no,0,reversed
2026-09-27T00:31:59.863462+00:00,KXMLBTOTAL-26SEP251305CHCBOSG1-12,mlb,price moved -5c,-5,no,0,confirmed
2026-09-27T00:31:59.863462+00:00,KXMLBTOTAL-26SEP251605BALNYYG1-3,mlb,price moved +94c,94,yes,100,confirmed
2026-09-27T00:31:59.863462+00:00,KXMLBTOTAL-26SEP251605BALNYYG1-4,mlb,volume spike x5.4,-1,yes,100,reversed
2026-09-27T00:31:59.863462+00:00,KXMLBTOTAL-26SEP251605BALNYYG1-8,mlb,volume spike x9.4,2,yes,100,confirmed
2026-09-27T00:31:59.863462+00:00,KXMLBTOTAL-26SEP251605BALNYYG1-9,mlb,volume spike x12.5,0,yes,100,push
2026-09-27T00:31:59.863462+00:00,KXMLBTOTAL-26SEP251605BALNYYG1-11,mlb,volume spike x3.7,3,yes,100,confirmed
2026-09-27T00:31:59.863462+00:00,KXMLBTOTAL-26SEP251805CHCBOSG2-8,mlb,volume spike x5.7,1,no,0,reversed
2026-09-27T00:31:59.863462+00:00,KXMLBTOTAL-26SEP251845NYMWSH-4,mlb,volume spike x7.4,-2,yes,100,reversed
2026-09-27T00:31:59.863462+00:00,KXMLBTOTAL-26SEP251905BALNYYG2-3,mlb,price moved +94c,94,yes,100,confirmed
2026-09-27T00:31:59.863462+00:00,KXMLBTOTAL-26SEP251905BALNYYG2-4,mlb,price moved +84c,84,yes,100,confirmed
2026-09-27T00:31:59.863462+00:00,KXMLBTOTAL-26SEP251905BALNYYG2-6,mlb,volume spike x3.9,0,yes,100,push
2026-09-27T00:31:59.863462+00:00,KXMLBTOTAL-26SEP251905BALNYYG2-10,mlb,volume spike x4.4,-3,no,0,confirmed
2026-09-27T00:31:59.863462+00:00,KXMLBTOTAL-26SEP251905BALNYYG2-11,mlb,volume spike x69.0,2,no,0,reversed
2026-09-27T00:31:59.863462+00:00,KXMLBTOTAL-26SEP252215LADSF-11,mlb,volume spike x10.4,1,no,0,reversed
2026-09-27T00:31:59.863462+00:00,KXATPMATCH-26SEP26WONVAL-WON,tennis,volume spike x3.7,-1,yes,100,reversed
2026-09-27T00:31:59.863462+00:00,KXNCAAFGAME-26SEP25ARMYTEM-TEM,cfb,price moved -8c,-8,no,0,confirmed
2026-09-27T00:31:59.863462+00:00,KXNCAAFGAME-26SEP25ARMYTEM-TEM,cfb,volume spike x5.3,-8,no,0,confirmed
2026-09-27T00:31:59.863462+00:00,KXNCAAFGAME-26SEP25ARMYTEM-ARMY,cfb,price moved +8c,8,yes,100,confirmed
2026-09-27T00:31:59.863462+00:00,KXNCAAFGAME-26SEP25ARMYTEM-ARMY,cfb,volume spike x3.5,8,yes,100,confirmed
2026-09-27T00:31:59.863462+00:00,KXNCAAFSPREAD-26SEP25ARMYTEM-ARMY17,cfb,price moved +6c,6,no,0,reversed
2026-09-27T00:31:59.863462+00:00,KXNCAAFSPREAD-26SEP25ARMYTEM-ARMY14,cfb,price moved +9c,9,no,0,reversed
2026-09-27T00:31:59.863462+00:00,KXNCAAFSPREAD-26SEP25ARMYTEM-ARMY12,cfb,price moved -5c,-5,no,0,confirmed
2026-09-27T00:31:59.863462+00:00,KXNCAAFSPREAD-26SEP25ARMYTEM-ARMY12,cfb,volume spike x219.0,-5,no,0,confirmed
2026-09-27T00:31:59.863462+00:00,KXNCAAFSPREAD-26SEP25ARMYTEM-ARMY11,cfb,price moved +11c,11,no,0,reversed
2026-09-27T00:31:59.863462+00:00,KXNCAAFSPREAD-26SEP25ARMYTEM-ARMY10,cfb,price moved +7c,7,no,0,reversed
2026-09-27T00:31:59.863462+00:00,KXNCAAFSPREAD-26SEP25ARMYTEM-ARMY10,cfb,volume spike x8.3,7,no,0,reversed
2026-09-27T00:31:59.863462+00:00,KXNCAAFSPREAD-26SEP25ARMYTEM-ARMY8,cfb,price moved +9c,9,no,0,reversed
2026-09-27T00:31:59.863462+00:00,KXNCAAFSPREAD-26SEP25ARMYTEM-ARMY8,cfb,volume spike x9.2,9,no,0,reversed
2026-09-27T00:31:59.863462+00:00,KXNCAAFSPREAD-26SEP25ARMYTEM-ARMY7,cfb,price moved +9c,9,no,0,reversed
2026-09-27T00:31:59.863462+00:00,KXNCAAFSPREAD-26SEP25ARMYTEM-ARMY7,cfb,volume spike x6.7,9,no,0,reversed
2026-09-27T00:31:59.863462+00:00,KXNCAAFSPREAD-26SEP25ARMYTEM-ARMY6,cfb,price moved +15c,15,no,0,reversed
2026-09-27T00:31:59.863462+00:00,KXNCAAFSPREAD-26SEP25ARMYTEM-ARMY6,cfb,volume spike x5.6,15,no,0,reversed
2026-09-27T00:31:59.863462+00:00,KXNCAAFSPREAD-26SEP25ARMYTEM-ARMY5,cfb,price moved +11c,11,no,0,reversed
2026-09-27T00:31:59.863462+00:00,KXNCAAFSPREAD-26SEP25ARMYTEM-ARMY5,cfb,volume spike x4.0,11,no,0,reversed
2026-09-27T00:31:59.863462+00:00,KXNCAAFSPREAD-26SEP25ARMYTEM-ARMY4,cfb,price moved +7c,7,yes,100,confirmed
2026-09-27T00:31:59.863462+00:00,KXNCAAFSPREAD-26SEP25ARMYTEM-ARMY3,cfb,price moved +13c,13,yes,100,confirmed
2026-09-27T00:31:59.863462+00:00,KXNCAAFSPREAD-26SEP25ARMYTEM-ARMY2,cfb,price moved +9c,9,yes,100,confirmed
2026-09-27T00:31:59.863462+00:00,KXNCAAFSPREAD-26SEP25ARMYTEM-TEM2,cfb,price moved -12c,-12,no,0,confirmed
2026-09-27T00:31:59.863462+00:00,KXNCAAFSPREAD-26SEP25ARMYTEM-TEM3,cfb,price moved -11c,-11,no,0,confirmed
2026-09-27T00:31:59.863462+00:00,KXNCAAFSPREAD-26SEP25ARMYTEM-TEM3,cfb,volume spike x7.9,-11,no,0,confirmed
2026-09-27T00:31:59.863462+00:00,KXNCAAFSPREAD-26SEP25ARMYTEM-TEM4,cfb,price moved -6c,-6,no,0,confirmed
2026-09-27T00:31:59.863462+00:00,KXNCAAFSPREAD-26SEP25ARMYTEM-TEM4,cfb,volume spike x7.3,-6,no,0,confirmed
2026-09-27T00:31:59.863462+00:00,KXNCAAFSPREAD-26SEP25ARMYTEM-TEM5,cfb,price moved -8c,-8,no,0,confirmed
2026-09-27T00:31:59.863462+00:00,KXNCAAFSPREAD-26SEP25ARMYTEM-TEM5,cfb,volume spike x4.1,-8,no,0,confirmed
2026-09-27T00:31:59.863462+00:00,KXNCAAFSPREAD-26SEP25ARMYTEM-TEM6,cfb,price moved -7c,-7,no,0,confirmed
2026-09-27T00:31:59.863462+00:00,KXNCAAFSPREAD-26SEP25ARMYTEM-TEM7,cfb,price moved -6c,-6,no,0,confirmed
2026-09-27T00:31:59.863462+00:00,KXNCAAFSPREAD-26SEP25ARMYTEM-TEM8,cfb,volume spike x3.3,-3,no,0,confirmed
2026-09-27T00:31:59.863462+00:00,KXNCAAFSPREAD-26SEP25ARMYTEM-TEM10,cfb,price moved -6c,-6,no,0,confirmed
2026-09-27T00:31:59.863462+00:00,KXNCAAFSPREAD-26SEP25ARMYTEM-TEM10,cfb,volume spike x4.1,-6,no,0,confirmed
2026-09-27T00:31:59.863462+00:00,KXNCAAFSPREAD-26SEP25ARMYTEM-TEM11,cfb,volume spike x3.9,-4,no,0,confirmed
2026-09-27T00:31:59.863462+00:00,KXNCAAFSPREAD-26SEP25ARMYTEM-TEM14,cfb,price moved -6c,-6,no,0,confirmed
2026-09-27T00:31:59.863462+00:00,KXNCAAFSPREAD-26SEP25ARMYTEM-TEM14,cfb,volume spike x3.1,-6,no,0,confirmed
2026-09-27T00:31:59.863462+00:00,KXNCAAFSPREAD-26SEP25ARMYTEM-TEM15,cfb,volume spike x8.0,-3,no,0,confirmed
2026-09-27T00:31:59.863462+00:00,KXNCAAFSPREAD-26SEP25ARMYTEM-TEM18,cfb,volume spike x3.3,0,no,0,push
2026-09-27T00:31:59.863462+00:00,KXNCAAFSPREAD-26SEP25HARVBRWN-HARV30,cfb,price moved +7c,7,no,0,reversed
2026-09-27T00:31:59.863462+00:00,KXNCAAFSPREAD-26SEP25HARVBRWN-HARV10,cfb,volume spike x23.7,1,no,0,reversed
2026-09-27T00:31:59.863462+00:00,KXNCAAFSPREAD-26SEP25HARVBRWN-BRWN7,cfb,volume spike x197.0,2,no,0,reversed
2026-09-27T00:31:59.863462+00:00,KXNCAAFSPREAD-26SEP25NAVYUAB-NAVY24,cfb,price moved +13c,13,no,0,reversed
2026-09-27T00:31:59.863462+00:00,KXNCAAFSPREAD-26SEP25NAVYUAB-NAVY14,cfb,volume spike x7.1,0,no,0,push
2026-09-27T00:31:59.863462+00:00,KXNCAAFSPREAD-26SEP26UNHSHU-UNH21,cfb,price moved +8c,8,no,0,reversed
2026-09-27T00:31:59.863462+00:00,KXNCAAFSPREAD-26SEP26WAKELOU-WAKE12,cfb,volume spike x235.8,0,no,0,push
2026-09-27T00:31:59.863462+00:00,KXNCAAFSPREAD-26SEP26LEHPENN-LEH12,cfb,volume spike x39.4,4,yes,100,confirmed
2026-09-27T00:31:59.863462+00:00,KXNCAAFSPREAD-26SEP26LEHPENN-LEH8,cfb,price moved +71c,71,yes,100,confirmed
2026-09-27T00:31:59.863462+00:00,KXNCAAFSPREAD-26SEP26NHCMRMK-NHC15,cfb,price moved +8c,8,no,0,reversed
2026-09-27T00:31:59.863462+00:00,KXNCAAFSPREAD-26SEP26CARKFSU-FSU42,cfb,volume spike x1583.0,0,no,0,push
2026-09-27T00:31:59.863462+00:00,KXNCAAFSPREAD-26SEP26CARKFSU-FSU39,cfb,volume spike x11.2,2,no,0,reversed
2026-09-27T00:31:59.863462+00:00,KXNCAAFSPREAD-26SEP26BSUWMU-BSU14,cfb,volume spike x3.4,0,yes,100,push
2026-09-27T00:31:59.863462+00:00,KXNCAAFSPREAD-26SEP26STNHOHIO-OHIO38,cfb,price moved -9c,-9,no,0,confirmed
2026-09-27T00:31:59.863462+00:00,KXNCAAFSPREAD-26SEP26WCUETSU-ETSU3,cfb,price moved +45c,45,yes,100,confirmed
2026-09-27T00:31:59.863462+00:00,KXNCAAFSPREAD-26SEP26WCUETSU-ETSU7,cfb,price moved +40c,40,yes,100,confirmed
2026-09-27T00:31:59.863462+00:00,KXNCAAFSPREAD-26SEP26VANAUB-AUB4,cfb,volume spike x119.3,0,yes,100,push
2026-09-27T00:31:59.863462+00:00,KXNCAAFTOTAL-26SEP25ARMYTEM-31,cfb,price moved -7c,-7,yes,100,reversed
2026-09-27T00:31:59.863462+00:00,KXNCAAFTOTAL-26SEP25ARMYTEM-34,cfb,price moved -9c,-9,yes,100,reversed
2026-09-27T00:31:59.863462+00:00,KXNCAAFTOTAL-26SEP25ARMYTEM-37,cfb,price moved -10c,-10,yes,100,reversed
2026-09-27T00:31:59.863462+00:00,KXNCAAFTOTAL-26SEP25ARMYTEM-37,cfb,volume spike x10.1,-10,yes,100,reversed
2026-09-27T00:31:59.863462+00:00,KXNCAAFTOTAL-26SEP25ARMYTEM-40,cfb,price moved -23c,-23,no,0,confirmed
2026-09-27T00:31:59.863462+00:00,KXNCAAFTOTAL-26SEP25ARMYTEM-43,cfb,price moved -15c,-15,no,0,confirmed
2026-09-27T00:31:59.863462+00:00,KXNCAAFTOTAL-26SEP25ARMYTEM-43,cfb,volume spike x13.4,-15,no,0,confirmed
2026-09-27T00:31:59.863462+00:00,KXNCAAFTOTAL-26SEP25ARMYTEM-46,cfb,price moved -15c,-15,no,0,confirmed
2026-09-27T00:31:59.863462+00:00,KXNCAAFTOTAL-26SEP25ARMYTEM-46,cfb,volume spike x3.0,-15,no,0,confirmed
2026-09-27T00:31:59.863462+00:00,KXNCAAFTOTAL-26SEP25ARMYTEM-49,cfb,price moved -16c,-16,no,0,confirmed
2026-09-27T00:31:59.863462+00:00,KXNCAAFTOTAL-26SEP25ARMYTEM-50,cfb,price moved -13c,-13,no,0,confirmed
2026-09-27T00:31:59.863462+00:00,KXNCAAFTOTAL-26SEP25ARMYTEM-50,cfb,volume spike x3.4,-13,no,0,confirmed
2026-09-27T00:31:59.863462+00:00,KXNCAAFTOTAL-26SEP25ARMYTEM-51,cfb,price moved -13c,-13,no,0,confirmed
2026-09-27T00:31:59.863462+00:00,KXNCAAFTOTAL-26SEP25ARMYTEM-52,cfb,price moved -15c,-15,no,0,confirmed
2026-09-27T00:31:59.863462+00:00,KXNCAAFTOTAL-26SEP25ARMYTEM-53,cfb,price moved -11c,-11,no,0,confirmed
2026-09-27T00:31:59.863462+00:00,KXNCAAFTOTAL-26SEP25ARMYTEM-54,cfb,price moved -10c,-10,no,0,confirmed
2026-09-27T01:22:29.746601+00:00,KXNCAAFSPREAD-26SEP26NEBMSU-NEB8,cfb,volume spike x17.6,1,yes,100,confirmed
2026-09-27T01:22:29.746601+00:00,KXNCAAFTOTAL-26SEP26WISPSU-47,cfb,price moved -5c,-5,no,0,confirmed
2026-09-27T01:22:29.746601+00:00,KXNCAAFSPREAD-26SEP26NEBMSU-NEB21,cfb,price moved +17c,17,no,0,reversed
2026-09-27T01:22:29.746601+00:00,KXNCAAFTOTAL-26SEP25ARMYTEM-55,cfb,price moved -10c,-10,no,0,confirmed
2026-09-27T01:22:29.746601+00:00,KXNCAAFTOTAL-26SEP25ARMYTEM-58,cfb,price moved -12c,-12,no,0,confirmed
2026-09-27T01:22:29.746601+00:00,KXNCAAFTOTAL-26SEP25ARMYTEM-58,cfb,volume spike x10.5,-12,no,0,confirmed
2026-09-27T01:22:29.746601+00:00,KXNCAAFTOTAL-26SEP25ARMYTEM-61,cfb,price moved -11c,-11,no,0,confirmed
2026-09-27T01:22:29.746601+00:00,KXNCAAFTOTAL-26SEP25ARMYTEM-61,cfb,volume spike x4.4,-11,no,0,confirmed
2026-09-27T01:22:29.746601+00:00,KXNCAAFTOTAL-26SEP25ARMYTEM-64,cfb,price moved -10c,-10,no,0,confirmed
2026-09-27T01:22:29.746601+00:00,KXNCAAFTOTAL-26SEP25NAVYUAB-47,cfb,volume spike x3.9,-2,no,0,confirmed
2026-09-27T01:22:29.746601+00:00,KXNCAAFTOTAL-26SEP26SHSUTTU-51,cfb,price moved +68c,68,yes,100,confirmed
2026-09-27T01:22:29.746601+00:00,KXNCAAFTOTAL-26SEP26DRKEDAV-58,cfb,price moved +60c,60,yes,100,confirmed
2026-09-27T01:22:29.746601+00:00,KXNCAAFTOTAL-26SEP26CHATCIT-48,cfb,price moved +48c,48,no,0,reversed
2026-09-27T01:22:29.746601+00:00,KXNCAAFTOTAL-26SEP26NDPUR-67,cfb,volume spike x89.0,-2,no,0,confirmed
2026-09-27T01:22:29.746601+00:00,KXNCAAFTOTAL-26SEP26NDPUR-73,cfb,volume spike x56.0,-1,no,0,confirmed
2026-09-27T01:22:29.746601+00:00,KXNCAAFTOTAL-26SEP26SDAKYSU-81,cfb,price moved +14c,14,no,0,reversed
2026-09-27T01:22:29.746601+00:00,KXNCAAFTOTAL-26SEP26CARKFSU-69,cfb,price moved +8c,8,no,0,reversed
2026-09-27T01:22:29.746601+00:00,KXNCAAFTOTAL-26SEP26CARKFSU-69,cfb,volume spike x386.0,8,no,0,reversed
2026-09-27T01:22:29.746601+00:00,KXNCAAFTOTAL-26SEP26BSUWMU-51,cfb,volume spike x4.9,1,no,0,reversed
2026-09-27T01:22:29.746601+00:00,KXNCAAFTOTAL-26SEP26WCUETSU-58,cfb,price moved +58c,58,yes,100,confirmed
2026-09-27T01:22:29.746601+00:00,KXNCAAFTOTAL-26SEP26WCUETSU-62,cfb,price moved -12c,-12,yes,100,reversed
2026-09-27T01:22:29.746601+00:00,KXMLBSPREAD-26SEP251605BALNYYG1-NYY3,mlb,volume spike x4.2,-4,no,0,confirmed
2026-09-27T01:22:29.746601+00:00,KXMLBSPREAD-26SEP251605BALNYYG1-NYY2,mlb,price moved -5c,-5,no,0,confirmed
2026-09-27T01:22:29.746601+00:00,KXMLBSPREAD-26SEP251605BALNYYG1-NYY2,mlb,volume spike x4.2,-5,no,0,confirmed
2026-09-27T01:22:29.746601+00:00,KXMLBSPREAD-26SEP251605BALNYYG1-BAL2,mlb,volume spike x3.8,1,yes,100,confirmed
2026-09-27T01:22:29.746601+00:00,KXMLBSPREAD-26SEP251605BALNYYG1-BAL3,mlb,volume spike x967.4,0,yes,100,push
2026-09-27T01:22:29.746601+00:00,KXMLBSPREAD-26SEP251605BALNYYG1-BAL4,mlb,volume spike x12.3,-2,yes,100,reversed
2026-09-27T01:22:29.746601+00:00,KXMLBSPREAD-26SEP251805CHCBOSG2-BOS3,mlb,volume spike x4.7,-1,no,0,confirmed
2026-09-27T01:22:29.746601+00:00,KXMLBSPREAD-26SEP251805CHCBOSG2-CHC3,mlb,volume spike x6.6,1,no,0,reversed
2026-09-27T01:22:29.746601+00:00,KXMLBSPREAD-26SEP251840PITDET-PIT2,mlb,volume spike x4.1,-1,no,0,confirmed
2026-09-27T01:22:29.746601+00:00,KXMLBSPREAD-26SEP251840TBPHI-TB3,mlb,volume spike x6.8,1,no,0,reversed
2026-09-27T01:22:29.746601+00:00,KXMLBSPREAD-26SEP251840TBPHI-TB4,mlb,price moved +11c,11,no,0,reversed
2026-09-27T01:22:29.746601+00:00,KXMLBSPREAD-26SEP251905BALNYYG2-BAL2,mlb,volume spike x3.1,0,no,0,push
2026-09-27T01:22:29.746601+00:00,KXMLBTOTAL-26SEP251605BALNYYG1-2,mlb,volume spike x41.8,-1,yes,100,reversed
2026-09-27T01:22:29.746601+00:00,KXMLBTOTAL-26SEP251605BALNYYG1-3,mlb,volume spike x129.1,-3,yes,100,reversed
2026-09-27T01:22:29.746601+00:00,KXMLBTOTAL-26SEP251605BALNYYG1-5,mlb,volume spike x3.7,-4,yes,100,reversed
2026-09-27T01:22:29.746601+00:00,KXMLBTOTAL-26SEP251605BALNYYG1-6,mlb,price moved -5c,-5,yes,100,reversed
2026-09-27T01:22:29.746601+00:00,KXMLBTOTAL-26SEP251605BALNYYG1-6,mlb,volume spike x8.9,-5,yes,100,reversed
2026-09-27T01:22:29.746601+00:00,KXMLBTOTAL-26SEP251605BALNYYG1-7,mlb,price moved -5c,-5,yes,100,reversed
2026-09-27T01:22:29.746601+00:00,KXMLBTOTAL-26SEP251605BALNYYG1-7,mlb,volume spike x4.3,-5,yes,100,reversed
2026-09-27T01:22:29.746601+00:00,KXMLBTOTAL-26SEP251605BALNYYG1-8,mlb,price moved -6c,-6,yes,100,reversed
2026-09-27T01:22:29.746601+00:00,KXMLBTOTAL-26SEP251605BALNYYG1-8,mlb,volume spike x13.2,-6,yes,100,reversed
2026-09-27T01:22:29.746601+00:00,KXMLBTOTAL-26SEP251605BALNYYG1-9,mlb,price moved -5c,-5,yes,100,reversed
2026-09-27T01:22:29.746601+00:00,KXMLBTOTAL-26SEP251605BALNYYG1-9,mlb,volume spike x3.8,-5,yes,100,reversed
2026-09-27T01:22:29.746601+00:00,KXMLBTOTAL-26SEP251605BALNYYG1-10,mlb,volume spike x20.3,-4,yes,100,reversed
2026-09-27T01:22:29.746601+00:00,KXMLBTOTAL-26SEP251605BALNYYG1-11,mlb,volume spike x3.8,-4,yes,100,reversed
2026-09-27T01:22:29.746601+00:00,KXMLBTOTAL-26SEP251805CHCBOSG2-8,mlb,volume spike x3.1,0,no,0,push
2026-09-27T01:22:29.746601+00:00,KXMLBTOTAL-26SEP251840PITDET-11,mlb,price moved +29c,29,yes,100,confirmed
2026-09-27T01:22:29.746601+00:00,KXMLBTOTAL-26SEP251905BALNYYG2-7,mlb,volume spike x3.9,0,yes,100,push
2026-09-27T01:22:29.746601+00:00,KXMLBTOTAL-26SEP251905BALNYYG2-9,mlb,price moved +30c,30,yes,100,confirmed
2026-09-27T01:22:29.746601+00:00,KXMLBTOTAL-26SEP251905BALNYYG2-10,mlb,volume spike x3.9,1,no,0,reversed
2026-09-27T01:22:29.746601+00:00,KXMLBTOTAL-26SEP251905BALNYYG2-11,mlb,volume spike x18.8,-1,no,0,confirmed
2026-09-27T01:22:29.746601+00:00,KXMLBTOTAL-26SEP251907CINTOR-3,mlb,price moved +96c,96,yes,100,confirmed
2026-09-27T01:22:29.746601+00:00,KXMLBTOTAL-26SEP251907CINTOR-4,mlb,price moved +89c,89,yes,100,confirmed
2026-09-27T01:22:29.746601+00:00,KXMLBTOTAL-26SEP251910ATLMIA-5,mlb,price moved +84c,84,no,0,reversed
2026-09-27T01:22:29.746601+00:00,KXMLBTOTAL-26SEP251940COLCWS-4,mlb,volume spike x28.5,0,yes,100,push
2026-09-27T01:22:29.746601+00:00,KXMLBTOTAL-26SEP251940COLCWS-5,mlb,volume spike x30.0,1,yes,100,confirmed
2026-09-27T01:22:29.746601+00:00,KXMLBTOTAL-26SEP251940COLCWS-7,mlb,volume spike x22.1,2,yes,100,confirmed
2026-09-27T01:22:29.746601+00:00,KXMLBTOTAL-26SEP251940COLCWS-13,mlb,volume spike x3.0,1,no,0,reversed
2026-09-27T01:22:29.746601+00:00,KXMLBTOTAL-26SEP251940STLMIL-5,mlb,price moved +84c,84,yes,100,confirmed
2026-09-27T01:22:29.746601+00:00,KXMLBTOTAL-26SEP252010TEXMIN-10,mlb,price moved +28c,28,yes,100,confirmed
2026-09-27T01:22:29.746601+00:00,KXMLBTOTAL-26SEP252140AZSD-4,mlb,price moved +88c,88,yes,100,confirmed
2026-09-27T01:22:29.746601+00:00,KXMLBTOTAL-26SEP252140HOUATH-4,mlb,price moved +93c,93,yes,100,confirmed
2026-09-27T01:22:29.746601+00:00,KXMLBTOTAL-26SEP252215LADSF-10,mlb,volume spike x5.3,2,no,0,reversed
2026-09-27T01:22:29.746601+00:00,KXNCAAFGAME-26SEP25ARMYTEM-TEM,cfb,price moved +10c,10,no,0,reversed
2026-09-27T01:22:29.746601+00:00,KXNCAAFGAME-26SEP25ARMYTEM-ARMY,cfb,price moved -9c,-9,yes,100,reversed
2026-09-27T01:22:29.746601+00:00,KXNCAAFSPREAD-26SEP25ARMYTEM-ARMY21,cfb,price moved -10c,-10,no,0,confirmed
2026-09-27T01:22:29.746601+00:00,KXNCAAFSPREAD-26SEP25ARMYTEM-ARMY18,cfb,price moved -10c,-10,no,0,confirmed
2026-09-27T01:22:29.746601+00:00,KXNCAAFSPREAD-26SEP25ARMYTEM-ARMY17,cfb,price moved -15c,-15,no,0,confirmed
2026-09-27T01:22:29.746601+00:00,KXNCAAFSPREAD-26SEP25ARMYTEM-ARMY17,cfb,volume spike x10.7,-15,no,0,confirmed
2026-09-27T01:22:29.746601+00:00,KXNCAAFSPREAD-26SEP25ARMYTEM-ARMY15,cfb,price moved -8c,-8,no,0,confirmed
2026-09-27T01:22:29.746601+00:00,KXNCAAFSPREAD-26SEP25ARMYTEM-ARMY15,cfb,volume spike x4.6,-8,no,0,confirmed
2026-09-27T01:22:29.746601+00:00,KXNCAAFSPREAD-26SEP25ARMYTEM-ARMY14,cfb,price moved -15c,-15,no,0,confirmed
2026-09-27T01:22:29.746601+00:00,KXNCAAFSPREAD-26SEP25ARMYTEM-ARMY14,cfb,volume spike x3.7,-15,no,0,confirmed
2026-09-27T01:22:29.746601+00:00,KXNCAAFSPREAD-26SEP25ARMYTEM-ARMY12,cfb,volume spike x10.1,-4,no,0,confirmed
2026-09-27T01:22:29.746601+00:00,KXNCAAFSPREAD-26SEP25ARMYTEM-ARMY11,cfb,price moved -17c,-17,no,0,confirmed
2026-09-27T01:22:29.746601+00:00,KXNCAAFSPREAD-26SEP25ARMYTEM-ARMY11,cfb,volume spike x4.8,-17,no,0,confirmed
2026-09-27T01:22:29.746601+00:00,KXNCAAFSPREAD-26SEP25ARMYTEM-ARMY10,cfb,price moved -15c,-15,no,0,confirmed
2026-09-27T01:22:29.746601+00:00,KXNCAAFSPREAD-26SEP25ARMYTEM-ARMY10,cfb,volume spike x21.4,-15,no,0,confirmed
2026-09-27T01:22:29.746601+00:00,KXNCAAFSPREAD-26SEP25ARMYTEM-ARMY8,cfb,price moved -16c,-16,no,0,confirmed
2026-09-27T01:22:29.746601+00:00,KXNCAAFSPREAD-26SEP25ARMYTEM-ARMY8,cfb,volume spike x4.0,-16,no,0,confirmed
2026-09-27T01:22:29.746601+00:00,KXNCAAFSPREAD-26SEP25ARMYTEM-ARMY7,cfb,price moved -12c,-12,no,0,confirmed
2026-09-27T01:22:29.746601+00:00,KXNCAAFSPREAD-26SEP25ARMYTEM-ARMY6,cfb,price moved -17c,-17,no,0,confirmed
2026-09-27T01:22:29.746601+00:00,KXNCAAFSPREAD-26SEP25ARMYTEM-ARMY6,cfb,volume spike x3.8,-17,no,0,confirmed
2026-09-27T01:22:29.746601+00:00,KXNCAAFSPREAD-26SEP25ARMYTEM-ARMY5,cfb,price moved -15c,-15,no,0,confirmed
2026-09-27T01:22:29.746601+00:00,KXNCAAFSPREAD-26SEP25ARMYTEM-ARMY4,cfb,price moved -13c,-13,yes,100,reversed
2026-09-27T01:22:29.746601+00:00,KXNCAAFSPREAD-26SEP25ARMYTEM-ARMY3,cfb,price moved -16c,-16,yes,100,reversed
2026-09-27T01:22:29.746601+00:00,KXNCAAFSPREAD-26SEP25ARMYTEM-ARMY2,cfb,price moved -8c,-8,yes,100,reversed
2026-09-27T01:22:29.746601+00:00,KXNCAAFSPREAD-26SEP25ARMYTEM-TEM2,cfb,price moved +8c,8,no,0,reversed
2026-09-27T01:22:29.746601+00:00,KXNCAAFSPREAD-26SEP25ARMYTEM-TEM2,cfb,volume spike x7.4,8,no,0,reversed
2026-09-27T01:22:29.746601+00:00,KXNCAAFSPREAD-26SEP25ARMYTEM-TEM3,cfb,price moved +7c,7,no,0,reversed
2026-09-27T01:22:29.746601+00:00,KXNCAAFSPREAD-26SEP25ARMYTEM-TEM3,cfb,volume spike x3.3,7,no,0,reversed
2026-09-27T01:22:29.746601+00:00,KXNCAAFSPREAD-26SEP25ARMYTEM-TEM5,cfb,volume spike x12.2,2,no,0,reversed
2026-09-27T01:22:29.746601+00:00,KXNCAAFSPREAD-26SEP25ARMYTEM-TEM12,cfb,volume spike x23.6,-3,no,0,confirmed
2026-09-27T01:22:29.746601+00:00,KXNCAAFSPREAD-26SEP25HOWRUTG-RUTG49,cfb,volume spike x7.5,0,yes,100,push
2026-09-27T01:22:29.746601+00:00,KXNCAAFSPREAD-26SEP25HOWRUTG-RUTG36,cfb,volume spike x3.9,-2,yes,100,reversed
2026-09-27T01:22:29.746601+00:00,KXNCAAFSPREAD-26SEP25NAVYUAB-NAVY22,cfb,price moved +15c,15,no,0,reversed
2026-09-27T01:22:29.746601+00:00,KXNCAAFSPREAD-26SEP25NAVYUAB-UAB2,cfb,price moved +29c,29,yes,100,confirmed
2026-09-27T01:22:29.746601+00:00,KXNCAAFSPREAD-26SEP26BUCKPITT-PITT55,cfb,price moved +8c,8,yes,100,confirmed
2026-09-27T01:22:29.746601+00:00,KXNCAAFSPREAD-26SEP26ILLOSU-OSU39,cfb,price moved +22c,22,no,0,reversed
2026-09-27T01:22:29.746601+00:00,KXNCAAFSPREAD-26SEP26USAUK-UK12,cfb,price moved +73c,73,yes,100,confirmed
2026-09-27T01:22:29.746601+00:00,KXNCAAFSPREAD-26SEP26LEHPENN-LEH12,cfb,price moved -11c,-11,yes,100,reversed
2026-09-27T01:22:29.746601+00:00,KXNCAAFSPREAD-26SEP26MONMDART-DART3,cfb,price moved +53c,53,no,0,reversed
2026-09-27T01:22:29.746601+00:00,KXNCAAFSPREAD-26SEP26IOWAMICH-IOWA6,cfb,volume spike x3.6,1,no,0,reversed
2026-09-27T01:22:29.746601+00:00,KXNCAAFSPREAD-26SEP26NCCUECU-ECU42,cfb,price moved +38c,38,no,0,reversed
2026-09-27T01:22:29.746601+00:00,KXNCAAFSPREAD-26SEP26VANAUB-VAN10,cfb,volume spike x3.1,-1,no,0,confirmed
2026-09-27T01:22:29.746601+00:00,KXNCAAFTOTAL-26SEP25ARMYTEM-34,cfb,volume spike x10.1,-4,yes,100,reversed
2026-09-27T01:22:29.746601+00:00,KXNCAAFTOTAL-26SEP25ARMYTEM-37,cfb,price moved -9c,-9,yes,100,reversed
2026-09-27T01:22:29.746601+00:00,KXNCAAFTOTAL-26SEP25ARMYTEM-37,cfb,volume spike x13.8,-9,yes,100,reversed
2026-09-27T01:22:29.746601+00:00,KXNCAAFTOTAL-26SEP25ARMYTEM-40,cfb,volume spike x11.0,-2,no,0,confirmed
2026-09-27T01:22:29.746601+00:00,KXNCAAFTOTAL-26SEP25ARMYTEM-43,cfb,price moved -12c,-12,no,0,confirmed
2026-09-27T01:22:29.746601+00:00,KXNCAAFTOTAL-26SEP25ARMYTEM-43,cfb,volume spike x3.3,-12,no,0,confirmed
2026-09-27T01:22:29.746601+00:00,KXNCAAFTOTAL-26SEP25ARMYTEM-46,cfb,price moved -15c,-15,no,0,confirmed
2026-09-27T01:22:29.746601+00:00,KXNCAAFTOTAL-26SEP25ARMYTEM-49,cfb,price moved -11c,-11,no,0,confirmed
2026-09-27T01:22:29.746601+00:00,KXNCAAFTOTAL-26SEP25ARMYTEM-50,cfb,price moved -14c,-14,no,0,confirmed
2026-09-27T01:22:29.746601+00:00,KXNCAAFTOTAL-26SEP25ARMYTEM-51,cfb,price moved -12c,-12,no,0,confirmed
2026-09-27T01:22:29.746601+00:00,KXNCAAFTOTAL-26SEP25ARMYTEM-51,cfb,volume spike x3.3,-12,no,0,confirmed
2026-09-27T01:22:29.746601+00:00,KXNCAAFTOTAL-26SEP25ARMYTEM-52,cfb,price moved -9c,-9,no,0,confirmed
2026-09-27T01:22:29.746601+00:00,KXNCAAFTOTAL-26SEP25ARMYTEM-52,cfb,volume spike x3.4,-9,no,0,confirmed
2026-09-27T01:22:29.746601+00:00,KXNCAAFTOTAL-26SEP25ARMYTEM-53,cfb,price moved -11c,-11,no,0,confirmed
2026-09-27T01:22:29.746601+00:00,KXNCAAFTOTAL-26SEP25ARMYTEM-53,cfb,volume spike x3.3,-11,no,0,confirmed
2026-09-27T01:22:29.746601+00:00,KXNCAAFTOTAL-26SEP25ARMYTEM-54,cfb,price moved -12c,-12,no,0,confirmed
2026-09-27T01:22:29.746601+00:00,KXNCAAFTOTAL-26SEP25ARMYTEM-54,cfb,volume spike x5.5,-12,no,0,confirmed
2026-09-27T01:22:29.746601+00:00,KXNCAAFTOTAL-26SEP25ARMYTEM-55,cfb,price moved -8c,-8,no,0,confirmed
2026-09-27T01:22:29.746601+00:00,KXNCAAFTOTAL-26SEP25ARMYTEM-58,cfb,price moved -6c,-6,no,0,confirmed
2026-09-27T01:22:29.746601+00:00,KXNCAAFTOTAL-26SEP25ARMYTEM-64,cfb,volume spike x4.5,-1,no,0,confirmed
2026-09-27T01:22:29.746601+00:00,KXNCAAFTOTAL-26SEP25ARMYTEM-67,cfb,price moved -5c,-5,no,0,confirmed
2026-09-27T01:22:29.746601+00:00,KXNCAAFTOTAL-26SEP25HARVBRWN-46,cfb,price moved -11c,-11,no,0,confirmed
2026-09-27T01:22:29.746601+00:00,KXNCAAFTOTAL-26SEP25HOWRUTG-43,cfb,price moved +85c,85,yes,100,confirmed
2026-09-27T01:22:29.746601+00:00,KXNCAAFTOTAL-26SEP25HOWRUTG-67,cfb,volume spike x97.2,3,no,0,reversed
2026-09-27T01:22:29.746601+00:00,KXNCAAFTOTAL-26SEP25NAVYUAB-56,cfb,price moved +37c,37,no,0,reversed
2026-09-27T01:22:29.746601+00:00,KXNCAAFTOTAL-26SEP26BUCKPITT-45,cfb,price moved +89c,89,yes,100,confirmed
2026-09-27T01:22:29.746601+00:00,KXNCAAFTOTAL-26SEP26BUCKPITT-48,cfb,price moved +86c,86,yes,100,confirmed
2026-09-27T01:22:29.746601+00:00,KXNCAAFTOTAL-26SEP26BUCKPITT-51,cfb,price moved +80c,80,yes,100,confirmed
2026-09-27T01:22:29.746601+00:00,KXNCAAFTOTAL-26SEP26BUCKPITT-58,cfb,price moved +65c,65,yes,100,confirmed
2026-09-27T01:22:29.746601+00:00,KXNCAAFTOTAL-26SEP26COLOBAY-52,cfb,price moved +58c,58,no,0,reversed
2026-09-27T01:22:29.746601+00:00,KXNCAAFTOTAL-26SEP26PREMRST-47,cfb,price moved -9c,-9,yes,100,reversed
2026-09-27T01:22:29.746601+00:00,KXNCAAFTOTAL-26SEP26UNHSHU-50,cfb,price moved -13c,-13,no,0,confirmed
2026-09-27T01:22:29.746601+00:00,KXNCAAFTOTAL-26SEP26HCLAF-50,cfb,volume spike x5.4,1,yes,100,confirmed
2026-09-27T01:22:29.746601+00:00,KXNCAAFTOTAL-26SEP26LEHPENN-49,cfb,price moved -11c,-11,no,0,confirmed
2026-09-27T01:22:29.746601+00:00,KXNCAAFTOTAL-26SEP26LEHPENN-49,cfb,volume spike x13.9,-11,no,0,confirmed
2026-09-27T01:22:29.746601+00:00,KXNCAAFTOTAL-26SEP26ALBYPRIN-46,cfb,price moved -5c,-5,no,0,confirmed
2026-09-27T01:22:29.746601+00:00,KXNCAAFTOTAL-26SEP26ALBYPRIN-46,cfb,volume spike x203.0,-5,no,0,confirmed
2026-09-27T01:22:29.746601+00:00,KXNCAAFTOTAL-26SEP26BSUWMU-47,cfb,volume spike x19.2,1,no,0,reversed
2026-09-27T01:22:29.746601+00:00,KXNCAAFTOTAL-26SEP26IOWAMICH-51,cfb,price moved +19c,19,no,0,reversed
2026-09-27T01:22:29.746601+00:00,KXNCAAFTOTAL-26SEP26STNHOHIO-54,cfb,price moved +50c,50,no,0,reversed
2026-09-27T01:22:29.746601+00:00,KXNCAAFTOTAL-26SEP26WCUETSU-58,cfb,price moved +5c,5,yes,100,confirmed
2026-09-27T02:23:11.046636+00:00,KXNCAAFSPREAD-26SEP26IWTXST-TXST31,cfb,volume spike x3.7,2,yes,100,confirmed
2026-09-27T02:23:11.046636+00:00,KXNCAAFSPREAD-26SEP26IWTXST-TXST18,cfb,price moved -5c,-5,yes,100,reversed
2026-09-27T02:23:11.046636+00:00,KXNCAAFSPREAD-26SEP26CMUMIA-MIA64,cfb,price moved +8c,8,no,0,reversed
2026-09-27T02:23:11.046636+00:00,KXNCAAFSPREAD-26SEP26CMUMIA-MIA61,cfb,price moved +10c,10,no,0,reversed
2026-09-27T02:23:11.046636+00:00,KXNCAAFSPREAD-26SEP26CMUMIA-MIA49,cfb,price moved +33c,33,yes,100,confirmed
2026-09-27T02:23:11.046636+00:00,KXNCAAFTOTAL-26SEP26DELUVA-54,cfb,volume spike x77.1,1,no,0,reversed
2026-09-27T02:23:11.046636+00:00,KXNCAAFSPREAD-26SEP26JMUODU-JMU17,cfb,price moved +26c,26,yes,100,confirmed
2026-09-27T02:23:11.046636+00:00,KXNCAAFSPREAD-26SEP26MHUWKU-WKU39,cfb,volume spike x3.5,1,yes,100,confirmed
2026-09-27T02:23:11.046636+00:00,KXNCAAFTOTAL-26SEP26WCUETSU-62,cfb,price moved +10c,10,yes,100,confirmed
2026-09-27T02:23:11.046636+00:00,KXMLBGAME-26SEP251905BALNYY-BAL,mlb,volume spike x10.1,2,no,0,reversed
2026-09-27T02:23:11.046636+00:00,KXMLBGAME-26SEP251905BALNYY-NYY,mlb,volume spike x9.5,-2,yes,100,reversed
2026-09-27T02:23:11.046636+00:00,KXMLBGAME-26SEP261915BALNYY-BAL,mlb,price moved +44c,44,yes,100,confirmed
2026-09-27T02:23:11.046636+00:00,KXMLBGAME-26SEP261915BALNYY-NYY,mlb,price moved -45c,-45,no,0,confirmed
2026-09-27T02:23:11.046636+00:00,KXMLBGAME-26SEP261915BALNYY-NYY,mlb,volume spike x3.5,-45,no,0,confirmed
2026-09-27T02:23:11.046636+00:00,KXMLBSPREAD-26SEP251605BALNYYG1-NYY4,mlb,price moved -11c,-11,no,0,confirmed
2026-09-27T02:23:11.046636+00:00,KXMLBSPREAD-26SEP251605BALNYYG1-NYY3,mlb,price moved -18c,-18,no,0,confirmed
2026-09-27T02:23:11.046636+00:00,KXMLBSPREAD-26SEP251605BALNYYG1-NYY2,mlb,price moved -25c,-25,no,0,confirmed
2026-09-27T02:23:11.046636+00:00,KXMLBSPREAD-26SEP251605BALNYYG1-BAL2,mlb,price moved +57c,57,yes,100,confirmed
2026-09-27T02:23:11.046636+00:00,KXMLBSPREAD-26SEP251605BALNYYG1-BAL3,mlb,price moved +64c,64,yes,100,confirmed
2026-09-27T02:23:11.046636+00:00,KXMLBSPREAD-26SEP251605BALNYYG1-BAL3,mlb,volume spike x8.5,64,yes,100,confirmed
2026-09-27T02:23:11.046636+00:00,KXMLBSPREAD-26SEP251605BALNYYG1-BAL4,mlb,price moved +63c,63,yes,100,confirmed
2026-09-27T02:23:11.046636+00:00,KXMLBSPREAD-26SEP251605BALNYYG1-BAL4,mlb,volume spike x46.7,63,yes,100,confirmed
2026-09-27T02:23:11.046636+00:00,KXMLBSPREAD-26SEP251805CHCBOSG2-CHC2,mlb,volume spike x6.5,0,no,0,push
2026-09-27T02:23:11.046636+00:00,KXMLBSPREAD-26SEP251805CHCBOSG2-CHC3,mlb,volume spike x4.4,1,no,0,reversed
2026-09-27T02:23:11.046636+00:00,KXMLBSPREAD-26SEP251905BALNYYG2-NYY3,mlb,volume spike x20.2,-2,yes,100,reversed
2026-09-27T02:23:11.046636+00:00,KXMLBSPREAD-26SEP251905BALNYYG2-BAL2,mlb,volume spike x4.0,2,no,0,reversed
2026-09-27T02:23:11.046636+00:00,KXMLBSPREAD-26SEP251905BALNYYG2-BAL3,mlb,volume spike x13.4,3,no,0,reversed
2026-09-27T02:23:11.046636+00:00,KXMLBSPREAD-26SEP251905BALNYYG2-BAL4,mlb,price moved +5c,5,no,0,reversed
2026-09-27T02:23:11.046636+00:00,KXMLBSPREAD-26SEP251905BALNYYG2-BAL4,mlb,volume spike x9.7,5,no,0,reversed
2026-09-27T02:23:11.046636+00:00,KXMLBSPREAD-26SEP251940COLCWS-COL2,mlb,price moved +22c,22,no,0,reversed
2026-09-27T02:23:11.046636+00:00,KXMLBSPREAD-26SEP251940STLMIL-STL4,mlb,price moved +13c,13,no,0,reversed
2026-09-27T02:23:11.046636+00:00,KXMLBSPREAD-26SEP252140AZSD-AZ4,mlb,volume spike x3.6,0,yes,100,push
2026-09-27T02:23:11.046636+00:00,KXMLBSPREAD-26SEP261605LADSF-LAD2,mlb,price moved +63c,63,no,0,reversed
2026-09-27T02:23:11.046636+00:00,KXMLBSPREAD-26SEP261910COLCWS-CWS2,mlb,price moved +49c,49,no,0,reversed
2026-09-27T02:23:11.046636+00:00,KXMLBSPREAD-26SEP261910STLMIL-MIL2,mlb,price moved +44c,44,no,0,reversed
2026-09-27T02:23:11.046636+00:00,KXMLBTOTAL-26SEP251605BALNYYG1-3,mlb,price moved +8c,8,yes,100,confirmed
2026-09-27T02:23:11.046636+00:00,KXMLBTOTAL-26SEP251605BALNYYG1-4,mlb,price moved +19c,19,yes,100,confirmed
2026-09-27T02:23:11.046636+00:00,KXMLBTOTAL-26SEP251605BALNYYG1-5,mlb,price moved +28c,28,yes,100,confirmed
2026-09-27T02:23:11.046636+00:00,KXMLBTOTAL-26SEP251605BALNYYG1-5,mlb,volume spike x4.3,28,yes,100,confirmed
2026-09-27T02:23:11.046636+00:00,KXMLBTOTAL-26SEP251605BALNYYG1-6,mlb,price moved +41c,41,yes,100,confirmed
2026-09-27T02:23:11.046636+00:00,KXMLBTOTAL-26SEP251605BALNYYG1-6,mlb,volume spike x6.1,41,yes,100,confirmed
2026-09-27T02:23:11.046636+00:00,KXMLBTOTAL-26SEP251605BALNYYG1-7,mlb,price moved +50c,50,yes,100,confirmed
2026-09-27T02:23:11.046636+00:00,KXMLBTOTAL-26SEP251605BALNYYG1-8,mlb,price moved +63c,63,yes,100,confirmed
2026-09-27T02:23:11.046636+00:00,KXMLBTOTAL-26SEP251605BALNYYG1-9,mlb,price moved +65c,65,yes,100,confirmed
2026-09-27T02:23:11.046636+00:00,KXMLBTOTAL-26SEP251605BALNYYG1-10,mlb,price moved +63c,63,yes,100,confirmed
2026-09-27T02:23:11.046636+00:00,KXMLBTOTAL-26SEP251605BALNYYG1-10,mlb,volume spike x3.3,63,yes,100,confirmed
2026-09-27T02:23:11.046636+00:00,KXMLBTOTAL-26SEP251605BALNYYG1-11,mlb,price moved +58c,58,yes,100,confirmed
2026-09-27T02:23:11.046636+00:00,KXMLBTOTAL-26SEP251605BALNYYG1-11,mlb,volume spike x5.4,58,yes,100,confirmed
2026-09-27T02:23:11.046636+00:00,KXMLBTOTAL-26SEP251805CHCBOSG2-4,mlb,volume spike x4.3,-1,no,0,confirmed
2026-09-27T02:23:11.046636+00:00,KXMLBTOTAL-26SEP251805CHCBOSG2-5,mlb,volume spike x7.5,2,no,0,reversed
2026-09-27T02:23:11.046636+00:00,KXMLBTOTAL-26SEP251805CHCBOSG2-6,mlb,volume spike x24.3,2,no,0,reversed
2026-09-27T02:23:11.046636+00:00,KXMLBTOTAL-26SEP251805CHCBOSG2-9,mlb,volume spike x13.0,-1,no,0,confirmed
2026-09-27T02:23:11.046636+00:00,KXMLBTOTAL-26SEP251840PITDET-10,mlb,volume spike x3.3,0,yes,100,push
2026-09-27T02:23:11.046636+00:00,KXMLBTOTAL-26SEP251840PITDET-11,mlb,volume spike x6.3,-1,yes,100,reversed
2026-09-27T02:23:11.046636+00:00,KXMLBTOTAL-26SEP251845NYMWSH-7,mlb,volume spike x15.0,1,yes,100,confirmed
2026-09-27T02:23:11.046636+00:00,KXMLBTOTAL-26SEP251845NYMWSH-8,mlb,volume spike x5.2,3,yes,100,confirmed
2026-09-27T02:23:11.046636+00:00,KXMLBTOTAL-26SEP251845NYMWSH-9,mlb,volume spike x79.4,4,yes,100,confirmed
2026-09-27T02:23:11.046636+00:00,KXMLBTOTAL-26SEP251845NYMWSH-10,mlb,volume spike x13.2,2,yes,100,confirmed
2026-09-27T02:23:11.046636+00:00,KXMLBTOTAL-26SEP251905BALNYYG2-4,mlb,price moved -5c,-5,yes,100,reversed
2026-09-27T02:23:11.046636+00:00,KXMLBTOTAL-26SEP251905BALNYYG2-4,mlb,volume spike x23.4,-5,yes,100,reversed
2026-09-27T02:23:11.046636+00:00,KXMLBTOTAL-26SEP251905BALNYYG2-6,mlb,price moved -5c,-5,yes,100,reversed
2026-09-27T02:23:11.046636+00:00,KXMLBTOTAL-26SEP251905BALNYYG2-6,mlb,volume spike x28.8,-5,yes,100,reversed
2026-09-27T02:23:11.046636+00:00,KXMLBTOTAL-26SEP251905BALNYYG2-7,mlb,volume spike x6.2,-1,yes,100,reversed
2026-09-27T02:23:11.046636+00:00,KXMLBTOTAL-26SEP251905BALNYYG2-8,mlb,volume spike x12.8,2,yes,100,confirmed
2026-09-27T02:23:11.046636+00:00,KXMLBTOTAL-26SEP251905BALNYYG2-9,mlb,volume spike x26.0,1,yes,100,confirmed
2026-09-27T02:23:11.046636+00:00,KXMLBTOTAL-26SEP251905BALNYYG2-10,mlb,volume spike x10.2,2,no,0,reversed
2026-09-27T02:23:11.046636+00:00,KXMLBTOTAL-26SEP251907CINTOR-5,mlb,volume spike x908.3,0,yes,100,push
2026-09-27T02:23:11.046636+00:00,KXMLBTOTAL-26SEP251907CINTOR-9,mlb,volume spike x11.8,0,yes,100,push
2026-09-27T02:23:11.046636+00:00,KXMLBTOTAL-26SEP251907CINTOR-11,mlb,volume spike x3.6,-1,yes,100,reversed
2026-09-27T02:23:11.046636+00:00,KXMLBTOTAL-26SEP251907CINTOR-12,mlb,volume spike x4.3,1,no,0,reversed
2026-09-27T02:23:11.046636+00:00,KXMLBTOTAL-26SEP251910ATLMIA-9,mlb,volume spike x17.0,-1,no,0,confirmed
2026-09-27T02:23:11.046636+00:00,KXMLBTOTAL-26SEP251910ATLMIA-10,mlb,volume spike x13.9,0,no,0,push
2026-09-27T02:23:11.046636+00:00,KXMLBTOTAL-26SEP251910ATLMIA-11,mlb,price moved +28c,28,no,0,reversed
2026-09-27T02:23:11.046636+00:00,KXMLBTOTAL-26SEP251940CLEKC-4,mlb,price moved +86c,86,yes,100,confirmed
2026-09-27T02:23:11.046636+00:00,KXMLBTOTAL-26SEP251940COLCWS-11,mlb,volume spike x17.8,0,no,0,push
2026-09-27T02:23:11.046636+00:00,KXMLBTOTAL-26SEP251940STLMIL-6,mlb,volume spike x5.3,1,yes,100,confirmed
2026-09-27T02:23:11.046636+00:00,KXMLBTOTAL-26SEP252010TEXMIN-10,mlb,volume spike x2147.0,0,yes,100,push
2026-09-27T02:23:11.046636+00:00,KXMLBTOTAL-26SEP252140HOUATH-5,mlb,volume spike x111.0,1,yes,100,confirmed
2026-09-27T02:23:11.046636+00:00,KXMLBTOTAL-26SEP252210LAASEA-11,mlb,volume spike x8.0,-1,yes,100,reversed
2026-09-27T02:23:11.046636+00:00,KXATPMATCH-26SEP25CINMUL-CIN,tennis,volume spike x5.1,1,no,0,reversed
2026-09-27T02:23:11.046636+00:00,KXNCAAFSPREAD-26SEP25ARMYTEM-ARMY21,cfb,price moved -5c,-5,no,0,confirmed
2026-09-27T02:23:11.046636+00:00,KXNCAAFSPREAD-26SEP25ARMYTEM-ARMY17,cfb,price moved -6c,-6,no,0,confirmed
2026-09-27T02:23:11.046636+00:00,KXNCAAFSPREAD-26SEP25ARMYTEM-ARMY15,cfb,price moved -11c,-11,no,0,confirmed
2026-09-27T02:23:11.046636+00:00,KXNCAAFSPREAD-26SEP25ARMYTEM-ARMY14,cfb,price moved -13c,-13,no,0,confirmed
2026-09-27T02:23:11.046636+00:00,KXNCAAFSPREAD-26SEP25ARMYTEM-ARMY11,cfb,price moved -10c,-10,no,0,confirmed
2026-09-27T02:23:11.046636+00:00,KXNCAAFSPREAD-26SEP25ARMYTEM-ARMY10,cfb,price moved -14c,-14,no,0,confirmed
2026-09-27T02:23:11.046636+00:00,KXNCAAFSPREAD-26SEP25ARMYTEM-ARMY8,cfb,price moved -12c,-12,no,0,confirmed
2026-09-27T02:23:11.046636+00:00,KXNCAAFSPREAD-26SEP25ARMYTEM-ARMY7,cfb,price moved -6c,-6,no,0,confirmed
2026-09-27T02:23:11.046636+00:00,KXNCAAFSPREAD-26SEP25ARMYTEM-ARMY6,cfb,price moved -7c,-7,no,0,confirmed
2026-09-27T02:23:11.046636+00:00,KXNCAAFSPREAD-26SEP25ARMYTEM-ARMY5,cfb,price moved -9c,-9,no,0,confirmed
2026-09-27T02:23:11.046636+00:00,KXNCAAFSPREAD-26SEP25ARMYTEM-TEM2,cfb,volume spike x4.8,1,no,0,reversed
2026-09-27T02:23:11.046636+00:00,KXNCAAFSPREAD-26SEP25ARMYTEM-TEM3,cfb,price moved +6c,6,no,0,reversed
2026-09-27T02:23:11.046636+00:00,KXNCAAFSPREAD-26SEP25ARMYTEM-TEM3,cfb,volume spike x3.7,6,no,0,reversed
2026-09-27T02:23:11.046636+00:00,KXNCAAFSPREAD-26SEP25ARMYTEM-TEM12,cfb,volume spike x10.0,-4,no,0,confirmed
2026-09-27T02:23:11.046636+00:00,KXNCAAFSPREAD-26SEP25HARVBRWN-HARV18,cfb,price moved +7c,7,no,0,reversed
2026-09-27T02:23:11.046636+00:00,KXNCAAFSPREAD-26SEP25HARVBRWN-HARV10,cfb,price moved -5c,-5,no,0,confirmed
2026-09-27T02:23:11.046636+00:00,KXNCAAFSPREAD-26SEP25HOWRUTG-RUTG58,cfb,volume spike x8.6,2,no,0,reversed
2026-09-27T02:23:11.046636+00:00,KXNCAAFSPREAD-26SEP25NAVYUAB-NAVY18,cfb,volume spike x3.7,-1,no,0,confirmed
2026-09-27T02:23:11.046636+00:00,KXNCAAFSPREAD-26SEP25NAVYUAB-NAVY15,cfb,volume spike x3.3,0,no,0,push
2026-09-27T02:23:11.046636+00:00,KXNCAAFSPREAD-26SEP25NAVYUAB-NAVY10,cfb,volume spike x6.1,-1,no,0,confirmed
2026-09-27T02:23:11.046636+00:00,KXNCAAFSPREAD-26SEP25NAVYUAB-NAVY4,cfb,volume spike x8.7,1,no,0,reversed
2026-09-27T02:23:11.046636+00:00,KXNCAAFSPREAD-26SEP25NAVYUAB-UAB8,cfb,volume spike x12.1,2,no,0,reversed
2026-09-27T02:23:11.046636+00:00,KXNCAAFSPREAD-26SEP25CLEMCAL-CAL14,cfb,price moved -6c,-6,no,0,confirmed
2026-09-27T02:23:11.046636+00:00,KXNCAAFSPREAD-26SEP26VTBC-VT12,cfb,volume spike x4.2,2,no,0,reversed
2026-09-27T02:23:11.046636+00:00,KXNCAAFSPREAD-26SEP26WAKELOU-LOU8,cfb,price moved -5c,-5,no,0,confirmed
2026-09-27T02:23:11.046636+00:00,KXNCAAFSPREAD-26SEP26VMISAM-VMI7,cfb,price moved +17c,17,no,0,reversed
2026-09-27T02:23:11.046636+00:00,KXNCAAFSPREAD-26SEP26VANAUB-AUB25,cfb,price moved +16c,16,no,0,reversed
2026-09-27T02:23:11.046636+00:00,KXNCAAFSPREAD-26SEP26ILSTUNI-ILST25,cfb,price moved +50c,50,no,0,reversed
2026-09-27T02:23:11.046636+00:00,KXNCAAFSPREAD-26SEP26NEBMSU-NEB21,cfb,volume spike x5.4,1,no,0,reversed
2026-09-27T02:23:11.046636+00:00,KXNCAAFTOTAL-26SEP25ARMYTEM-31,cfb,price moved +15c,15,yes,100,confirmed
2026-09-27T02:23:11.046636+00:00,KXNCAAFTOTAL-26SEP25ARMYTEM-34,cfb,price moved +20c,20,yes,100,confirmed
2026-09-27T02:23:11.046636+00:00,KXNCAAFTOTAL-26SEP25ARMYTEM-34,cfb,volume spike x9.4,20,yes,100,confirmed
2026-09-27T02:23:11.046636+00:00,KXNCAAFTOTAL-26SEP25ARMYTEM-37,cfb,price moved +13c,13,yes,100,confirmed
2026-09-27T02:23:11.046636+00:00,KXNCAAFTOTAL-26SEP25ARMYTEM-37,cfb,volume spike x15.4,13,yes,100,confirmed
2026-09-27T02:23:11.046636+00:00,KXNCAAFTOTAL-26SEP25ARMYTEM-40,cfb,price moved +12c,12,no,0,reversed
2026-09-27T02:23:11.046636+00:00,KXNCAAFTOTAL-26SEP25ARMYTEM-40,cfb,volume spike x3.1,12,no,0,reversed
2026-09-27T02:23:11.046636+00:00,KXNCAAFTOTAL-26SEP25ARMYTEM-43,cfb,price moved +7c,7,no,0,reversed
2026-09-27T02:23:11.046636+00:00,KXNCAAFTOTAL-26SEP25ARMYTEM-55,cfb,price moved -5c,-5,no,0,confirmed
2026-09-27T02:23:11.046636+00:00,KXNCAAFTOTAL-26SEP25ARMYTEM-67,cfb,volume spike x12.0,1,no,0,reversed
2026-09-27T02:23:11.046636+00:00,KXNCAAFTOTAL-26SEP25HARVBRWN-30,cfb,price moved +28c,28,no,0,reversed
2026-09-27T02:23:11.046636+00:00,KXNCAAFTOTAL-26SEP25HARVBRWN-42,cfb,price moved -5c,-5,no,0,confirmed
2026-09-27T02:23:11.046636+00:00,KXNCAAFTOTAL-26SEP25HARVBRWN-46,cfb,price moved +16c,16,no,0,reversed
2026-09-27T02:23:11.046636+00:00,KXNCAAFTOTAL-26SEP25HARVBRWN-54,cfb,price moved +5c,5,no,0,reversed
2026-09-27T02:23:11.046636+00:00,KXNCAAFTOTAL-26SEP25HOWRUTG-37,cfb,volume spike x6.2,0,yes,100,push
2026-09-27T02:23:11.046636+00:00,KXNCAAFTOTAL-26SEP25HOWRUTG-43,cfb,volume spike x10.4,2,yes,100,confirmed
2026-09-27T02:23:11.046636+00:00,KXNCAAFTOTAL-26SEP25NAVYUAB-38,cfb,volume spike x27.0,-1,yes,100,reversed
2026-09-27T02:23:11.046636+00:00,KXNCAAFTOTAL-26SEP25NAVYUAB-65,cfb,volume spike x430.0,2,no,0,reversed
2026-09-27T02:23:11.046636+00:00,KXNCAAFTOTAL-26SEP25NWIND-51,cfb,volume spike x3.5,1,yes,100,confirmed
2026-09-27T02:23:11.046636+00:00,KXNCAAFTOTAL-26SEP25NWIND-52,cfb,volume spike x3.8,-1,yes,100,reversed
2026-09-27T02:23:11.046636+00:00,KXNCAAFTOTAL-26SEP25NWIND-67,cfb,volume spike x38.4,1,no,0,reversed
2026-09-27T02:23:11.046636+00:00,KXNCAAFTOTAL-26SEP25CLEMCAL-44,cfb,volume spike x8.9,0,no,0,push
2026-09-27T02:23:11.046636+00:00,KXNCAAFTOTAL-26SEP25CLEMCAL-52,cfb,volume spike x8.6,0,no,0,push
2026-09-27T03:22:59.051640+00:00,KXNCAAFSPREAD-26SEP26TXAMLSU-LSU15,cfb,price moved -5c,-5,yes,100,reversed
2026-09-27T03:22:59.051640+00:00,KXNCAAFTOTAL-26SEP26TXAMLSU-58,cfb,price moved -9c,-9,no,0,confirmed
2026-09-27T03:22:59.051640+00:00,KXNCAAFTOTAL-26SEP26TXAMLSU-58,cfb,volume spike x6.1,-9,no,0,confirmed
2026-09-27T03:22:59.051640+00:00,KXMLBGAME-26SEP261915TBPHI-TB,mlb,volume spike x5.2,1,yes,100,confirmed
2026-09-27T03:22:59.051640+00:00,KXNCAAFSPREAD-26SEP26SCARALA-ALA2,cfb,volume spike x4.2,1,yes,100,confirmed
2026-09-27T03:22:59.051640+00:00,KXNCAAFSPREAD-26SEP26TXAMLSU-TXAM11,cfb,price moved +7c,7,no,0,reversed
2026-09-27T03:22:59.051640+00:00,KXNCAAFSPREAD-26SEP26TLSAARK-ARK6,cfb,price moved +56c,56,yes,100,confirmed
2026-09-27T03:22:59.051640+00:00,KXNCAAFTOTAL-26SEP26CAMPHAMP-58,cfb,volume spike x3.9,1,yes,100,confirmed
2026-09-27T03:22:59.051640+00:00,KXNCAAFSPREAD-26SEP26SCARALA-ALA3,cfb,price moved +79c,79,yes,100,confirmed
2026-09-27T03:22:59.051640+00:00,KXNCAAFTOTAL-26SEP26USMTULN-77,cfb,volume spike x3.1,0,no,0,push
2026-09-27T03:22:59.051640+00:00,KXNCAAFTOTAL-26SEP26APPNCST-55,cfb,volume spike x3.3,1,yes,100,confirmed
2026-09-27T03:22:59.051640+00:00,KXNCAAFTOTAL-26SEP26HCUUNT-60,cfb,volume spike x10001.0,4,yes,100,confirmed
2026-09-27T03:22:59.051640+00:00,KXMLSGAME-26SEP26SEAMIN-SEA,soccer,volume spike x3.1,0,yes,100,push
2026-09-27T03:22:59.051640+00:00,KXNCAAFSPREAD-26SEP26TXAMLSU-LSU5,cfb,volume spike x3.6,-3,yes,100,reversed
2026-09-27T03:22:59.051640+00:00,KXNCAAFTOTAL-26SEP25CLEMCAL-62,cfb,volume spike x11.1,1,no,0,reversed
2026-09-27T03:22:59.051640+00:00,KXNCAAFTOTAL-26SEP26VTBC-46,cfb,volume spike x22.0,0,no,0,push
2026-09-27T03:22:59.051640+00:00,KXNCAAFTOTAL-26SEP26YALECOR-55,cfb,price moved +35c,35,yes,100,confirmed
2026-09-27T03:22:59.051640+00:00,KXNCAAFTOTAL-26SEP26UCLAMD-56,cfb,volume spike x691.2,-2,yes,100,reversed
2026-09-27T03:22:59.051640+00:00,KXNCAAFTOTAL-26SEP26IOWAMICH-36,cfb,price moved +60c,60,yes,100,confirmed
2026-09-27T03:22:59.051640+00:00,KXNCAAFTOTAL-26SEP26STNHOHIO-51,cfb,price moved +6c,6,no,0,reversed
2026-09-27T03:22:59.051640+00:00,KXNCAAFTOTAL-26SEP26VMISAM-52,cfb,price moved +39c,39,yes,100,confirmed
2026-09-27T03:22:59.051640+00:00,KXNCAAFTOTAL-26SEP26WCUETSU-66,cfb,price moved +50c,50,yes,100,confirmed
2026-09-27T03:22:59.051640+00:00,KXNCAAFTOTAL-26SEP26CMUMIA-38,cfb,volume spike x15.6,-1,yes,100,reversed
2026-09-27T03:22:59.051640+00:00,KXNCAAFTOTAL-26SEP26CMUMIA-41,cfb,volume spike x15.2,-3,yes,100,reversed
2026-09-27T03:22:59.051640+00:00,KXNCAAFTOTAL-26SEP26KENNARST-66,cfb,price moved +22c,22,no,0,reversed
2026-09-27T03:22:59.051640+00:00,KXNCAAFTOTAL-26SEP26TXAMLSU-55,cfb,volume spike x5.8,1,no,0,reversed
2026-09-27T03:22:59.051640+00:00,KXNCAAFTOTAL-26SEP26TLSAARK-42,cfb,price moved +69c,69,no,0,reversed
2026-09-27T03:22:59.051640+00:00,KXMLBGAME-26SEP251910CHCBOS-CHC,mlb,price moved -12c,-12,no,0,confirmed
2026-09-27T03:22:59.051640+00:00,KXMLBGAME-26SEP251910CHCBOS-BOS,mlb,price moved +12c,12,yes,100,confirmed
2026-09-27T03:22:59.051640+00:00,KXMLBGAME-26SEP251910CHCBOS-BOS,mlb,volume spike x3.2,12,yes,100,confirmed
2026-09-27T03:22:59.051640+00:00,KXMLBGAME-26SEP261915TBPHI-PHI,mlb,price moved +25c,25,no,0,reversed
2026-09-27T03:22:59.051640+00:00,KXMLBGAME-26SEP261915TBPHI-PHI,mlb,volume spike x29.6,25,no,0,reversed
2026-09-27T03:22:59.051640+00:00,KXMLBSPREAD-26SEP251605BALNYYG1-BAL2,mlb,price moved +7c,7,yes,100,confirmed
2026-09-27T03:22:59.051640+00:00,KXMLBSPREAD-26SEP251605BALNYYG1-BAL3,mlb,price moved +12c,12,yes,100,confirmed
2026-09-27T03:22:59.051640+00:00,KXMLBSPREAD-26SEP251605BALNYYG1-BAL4,mlb,price moved +20c,20,yes,100,confirmed
2026-09-27T03:22:59.051640+00:00,KXMLBSPREAD-26SEP251605BALNYYG1-BAL5,mlb,price moved +30c,30,yes,100,confirmed
2026-09-27T03:22:59.051640+00:00,KXMLBSPREAD-26SEP251605BALNYYG1-BAL6,mlb,price moved +40c,40,yes,100,confirmed
2026-09-27T03:22:59.051640+00:00,KXMLBSPREAD-26SEP251605BALNYYG1-BAL7,mlb,price moved +57c,57,yes,100,confirmed
2026-09-27T03:22:59.051640+00:00,KXMLBSPREAD-26SEP251605BALNYYG1-BAL7,mlb,volume spike x32.1,57,yes,100,confirmed
2026-09-27T03:22:59.051640+00:00,KXMLBSPREAD-26SEP251605BALNYYG1-BAL8,mlb,price moved +52c,52,yes,100,confirmed
2026-09-27T03:22:59.051640+00:00,KXMLBSPREAD-26SEP251605BALNYYG1-BAL8,mlb,volume spike x1047.6,52,yes,100,confirmed
2026-09-27T03:22:59.051640+00:00,KXMLBSPREAD-26SEP251605BALNYYG1-BAL9,mlb,price moved +64c,64,no,0,reversed
2026-09-27T03:22:59.051640+00:00,KXMLBSPREAD-26SEP251805CHCBOSG2-BOS3,mlb,price moved +5c,5,no,0,reversed
2026-09-27T03:22:59.051640+00:00,KXMLBSPREAD-26SEP251805CHCBOSG2-BOS2,mlb,price moved +6c,6,yes,100,confirmed
2026-09-27T03:22:59.051640+00:00,KXMLBSPREAD-26SEP251805CHCBOSG2-CHC2,mlb,price moved -11c,-11,no,0,confirmed
2026-09-27T03:22:59.051640+00:00,KXMLBSPREAD-26SEP251805CHCBOSG2-CHC3,mlb,price moved -9c,-9,no,0,confirmed
2026-09-27T03:22:59.051640+00:00,KXMLBSPREAD-26SEP251805CHCBOSG2-CHC3,mlb,volume spike x12.4,-9,no,0,confirmed
2026-09-27T03:22:59.051640+00:00,KXMLBSPREAD-26SEP251805CHCBOSG2-CHC4,mlb,price moved -5c,-5,no,0,confirmed
2026-09-27T03:22:59.051640+00:00,KXMLBSPREAD-26SEP251840PITDET-DET2,mlb,volume spike x5.1,0,no,0,push
2026-09-27T03:22:59.051640+00:00,KXMLBSPREAD-26SEP251840TBPHI-TB4,mlb,volume spike x236.0,0,no,0,push
2026-09-27T03:22:59.051640+00:00,KXMLBSPREAD-26SEP251905BALNYYG2-BAL4,mlb,volume spike x3.5,4,no,0,reversed
2026-09-27T03:22:59.051640+00:00,KXMLBSPREAD-26SEP251910ATLMIA-MIA2,mlb,volume spike x3.4,0,yes,100,push
2026-09-27T03:22:59.051640+00:00,KXMLBSPREAD-26SEP251910ATLMIA-ATL2,mlb,volume spike x9.6,0,no,0,push
2026-09-27T03:22:59.051640+00:00,KXMLBSPREAD-26SEP251940CLEKC-KC4,mlb,volume spike x219.8,0,no,0,push
2026-09-27T03:22:59.051640+00:00,KXMLBSPREAD-26SEP252010TEXMIN-MIN4,mlb,price moved +12c,12,yes,100,confirmed
2026-09-27T03:22:59.051640+00:00,KXMLBSPREAD-26SEP252010TEXMIN-TEX3,mlb,price moved +28c,28,no,0,reversed
2026-09-27T03:22:59.051640+00:00,KXMLBSPREAD-26SEP252010TEXMIN-TEX4,mlb,price moved +19c,19,no,0,reversed
2026-09-27T03:22:59.051640+00:00,KXMLBSPREAD-26SEP252140AZSD-SD3,mlb,volume spike x4.1,0,no,0,push
2026-09-27T03:22:59.051640+00:00,KXMLBSPREAD-26SEP252140HOUATH-ATH4,mlb,price moved +10c,10,no,0,reversed
2026-09-27T03:22:59.051640+00:00,KXMLBSPREAD-26SEP252140HOUATH-HOU4,mlb,volume spike x3.9,1,no,0,reversed
2026-09-27T03:22:59.051640+00:00,KXMLBSPREAD-26SEP252210LAASEA-LAA3,mlb,price moved +24c,24,no,0,reversed
2026-09-27T03:22:59.051640+00:00,KXMLBSPREAD-26SEP261605LADSF-LAD4,mlb,price moved +39c,39,no,0,reversed
2026-09-27T03:22:59.051640+00:00,KXMLBTOTAL-26SEP251605BALNYYG1-9,mlb,price moved +6c,6,yes,100,confirmed
2026-09-27T03:22:59.051640+00:00,KXMLBTOTAL-26SEP251605BALNYYG1-10,mlb,price moved +16c,16,yes,100,confirmed
2026-09-27T03:22:59.051640+00:00,KXMLBTOTAL-26SEP251605BALNYYG1-11,mlb,price moved +25c,25,yes,100,confirmed
2026-09-27T03:22:59.051640+00:00,KXMLBTOTAL-26SEP251605BALNYYG1-12,mlb,volume spike x16.4,3,yes,100,confirmed
2026-09-27T03:22:59.051640+00:00,KXMLBTOTAL-26SEP251605BALNYYG1-13,mlb,price moved -18c,-18,no,0,confirmed
2026-09-27T03:22:59.051640+00:00,KXMLBTOTAL-26SEP251605BALNYYG1-13,mlb,volume spike x3.1,-18,no,0,confirmed
2026-09-27T03:22:59.051640+00:00,KXMLBTOTAL-26SEP251605BALNYYG1-14,mlb,price moved -7c,-7,no,0,confirmed
2026-09-27T03:22:59.051640+00:00,KXMLBTOTAL-26SEP251605BALNYYG1-15,mlb,price moved -11c,-11,no,0,confirmed
2026-09-27T03:22:59.051640+00:00,KXMLBTOTAL-26SEP251605BALNYYG1-16,mlb,volume spike x21.0,-2,no,0,confirmed
2026-09-27T03:22:59.051640+00:00,KXMLBTOTAL-26SEP251805CHCBOSG2-2,mlb,price moved -7c,-7,yes,100,reversed
2026-09-27T03:22:59.051640+00:00,KXMLBTOTAL-26SEP251805CHCBOSG2-3,mlb,price moved -5c,-5,no,0,confirmed
2026-09-27T03:22:59.051640+00:00,KXMLBTOTAL-26SEP251805CHCBOSG2-4,mlb,price moved -11c,-11,no,0,confirmed
2026-09-27T03:22:59.051640+00:00,KXMLBTOTAL-26SEP251805CHCBOSG2-4,mlb,volume spike x6.2,-11,no,0,confirmed
2026-09-27T03:22:59.051640+00:00,KXMLBTOTAL-26SEP251805CHCBOSG2-5,mlb,price moved -17c,-17,no,0,confirmed
2026-09-27T03:22:59.051640+00:00,KXMLBTOTAL-26SEP251805CHCBOSG2-5,mlb,volume spike x5.9,-17,no,0,confirmed
2026-09-27T03:22:59.051640+00:00,KXMLBTOTAL-26SEP251805CHCBOSG2-6,mlb,price moved -18c,-18,no,0,confirmed
2026-09-27T03:22:59.051640+00:00,KXMLBTOTAL-26SEP251805CHCBOSG2-7,mlb,price moved -13c,-13,no,0,confirmed
2026-09-27T03:22:59.051640+00:00,KXMLBTOTAL-26SEP251805CHCBOSG2-8,mlb,price moved -13c,-13,no,0,confirmed
2026-09-27T03:22:59.051640+00:00,KXMLBTOTAL-26SEP251805CHCBOSG2-9,mlb,price moved -14c,-14,no,0,confirmed
2026-09-27T03:22:59.051640+00:00,KXMLBTOTAL-26SEP251805CHCBOSG2-10,mlb,price moved -13c,-13,no,0,confirmed
2026-09-27T03:22:59.051640+00:00,KXMLBTOTAL-26SEP251805CHCBOSG2-11,mlb,price moved -9c,-9,no,0,confirmed
2026-09-27T03:22:59.051640+00:00,KXMLBTOTAL-26SEP251840PITDET-11,mlb,volume spike x3.0,0,yes,100,push
2026-09-27T03:22:59.051640+00:00,KXMLBTOTAL-26SEP251840PITDET-13,mlb,volume spike x6.9,-1,yes,100,reversed
2026-09-27T03:22:59.051640+00:00,KXMLBTOTAL-26SEP251840TBPHI-6,mlb,volume spike x3.6,0,no,0,push
2026-09-27T03:22:59.051640+00:00,KXMLBTOTAL-26SEP251840TBPHI-8,mlb,volume spike x4.8,0,no,0,push
2026-09-27T03:22:59.051640+00:00,KXMLBTOTAL-26SEP251845NYMWSH-5,mlb,volume spike x4.6,-1,yes,100,reversed
2026-09-27T03:22:59.051640+00:00,KXMLBTOTAL-26SEP251845NYMWSH-6,mlb,volume spike x3.7,0,yes,100,push
2026-09-27T03:22:59.051640+00:00,KXMLBTOTAL-26SEP251845NYMWSH-11,mlb,volume spike x3.2,1,yes,100,confirmed
2026-09-27T03:22:59.051640+00:00,KXMLBTOTAL-26SEP251905BALNYYG2-4,mlb,price moved +6c,6,yes,100,confirmed
2026-09-27T03:22:59.051640+00:00,KXMLBTOTAL-26SEP251905BALNYYG2-9,mlb,volume spike x3.3,3,yes,100,confirmed
2026-09-27T03:22:59.051640+00:00,KXMLBTOTAL-26SEP251905BALNYYG2-10,mlb,volume spike x5.9,-1,no,0,confirmed
2026-09-27T03:22:59.051640+00:00,KXMLBTOTAL-26SEP251907CINTOR-2,mlb,volume spike x6.0,-1,yes,100,reversed
2026-09-27T03:22:59.051640+00:00,KXMLBTOTAL-26SEP251910ATLMIA-3,mlb,volume spike x16.8,1,yes,100,confirmed
2026-09-27T03:22:59.051640+00:00,KXMLBTOTAL-26SEP251940COLCWS-10,mlb,volume spike x13.2,0,no,0,push
2026-09-27T03:22:59.051640+00:00,KXMLBTOTAL-26SEP251940COLCWS-12,mlb,price moved +23c,23,no,0,reversed
2026-09-27T03:22:59.051640+00:00,KXMLBTOTAL-26SEP251940STLMIL-9,mlb,volume spike x3.2,-1,yes,100,reversed
2026-09-27T03:22:59.051640+00:00,KXMLBTOTAL-26SEP251940STLMIL-10,mlb,volume spike x8.6,1,yes,100,confirmed
2026-09-27T03:22:59.051640+00:00,KXMLBTOTAL-26SEP252010TEXMIN-12,mlb,volume spike x7.4,-1,yes,100,reversed
2026-09-27T03:22:59.051640+00:00,KXMLBTOTAL-26SEP252140AZSD-12,mlb,volume spike x3.4,-1,yes,100,reversed
2026-09-27T03:22:59.051640+00:00,KXNCAAFGAME-26SEP25ARMYTEM-TEM,cfb,price moved -16c,-16,no,0,confirmed
2026-09-27T03:22:59.051640+00:00,KXNCAAFGAME-26SEP25ARMYTEM-ARMY,cfb,price moved +16c,16,yes,100,confirmed
2026-09-27T03:22:59.051640+00:00,KXNCAAFSPREAD-26SEP25ARMYTEM-ARMY18,cfb,price moved -8c,-8,no,0,confirmed
2026-09-27T03:22:59.051640+00:00,KXNCAAFSPREAD-26SEP25ARMYTEM-ARMY14,cfb,price moved -6c,-6,no,0,confirmed
2026-09-27T03:22:59.051640+00:00,KXNCAAFSPREAD-26SEP25ARMYTEM-ARMY12,cfb,price moved -12c,-12,no,0,confirmed
2026-09-27T03:22:59.051640+00:00,KXNCAAFSPREAD-26SEP25ARMYTEM-ARMY11,cfb,price moved -11c,-11,no,0,confirmed
2026-09-27T03:22:59.051640+00:00,KXNCAAFSPREAD-26SEP25ARMYTEM-ARMY10,cfb,price moved -10c,-10,no,0,confirmed
2026-09-27T03:22:59.051640+00:00,KXNCAAFSPREAD-26SEP25ARMYTEM-ARMY8,cfb,price moved -16c,-16,no,0,confirmed
2026-09-27T03:22:59.051640+00:00,KXNCAAFSPREAD-26SEP25ARMYTEM-ARMY7,cfb,price moved -34c,-34,no,0,confirmed
2026-09-27T03:22:59.051640+00:00,KXNCAAFSPREAD-26SEP25ARMYTEM-ARMY6,cfb,price moved -36c,-36,no,0,confirmed
2026-09-27T03:22:59.051640+00:00,KXNCAAFSPREAD-26SEP25ARMYTEM-ARMY5,cfb,price moved -33c,-33,no,0,confirmed
2026-09-27T03:22:59.051640+00:00,KXNCAAFSPREAD-26SEP25ARMYTEM-ARMY4,cfb,price moved +34c,34,yes,100,confirmed
2026-09-27T03:22:59.051640+00:00,KXNCAAFSPREAD-26SEP25ARMYTEM-ARMY3,cfb,price moved +19c,19,yes,100,confirmed
2026-09-27T03:22:59.051640+00:00,KXNCAAFSPREAD-26SEP25ARMYTEM-ARMY2,cfb,price moved +12c,12,yes,100,confirmed
2026-09-27T03:22:59.051640+00:00,KXNCAAFSPREAD-26SEP25ARMYTEM-TEM2,cfb,price moved -13c,-13,no,0,confirmed
2026-09-27T03:22:59.051640+00:00,KXNCAAFSPREAD-26SEP25ARMYTEM-TEM3,cfb,price moved -16c,-16,no,0,confirmed
2026-09-27T03:22:59.051640+00:00,KXNCAAFSPREAD-26SEP25ARMYTEM-TEM3,cfb,volume spike x3.3,-16,no,0,confirmed
2026-09-27T03:22:59.051640+00:00,KXNCAAFSPREAD-26SEP25ARMYTEM-TEM4,cfb,price moved -19c,-19,no,0,confirmed
2026-09-27T03:22:59.051640+00:00,KXNCAAFSPREAD-26SEP25ARMYTEM-TEM4,cfb,volume spike x3.6,-19,no,0,confirmed
2026-09-27T03:22:59.051640+00:00,KXNCAAFSPREAD-26SEP25ARMYTEM-TEM5,cfb,price moved -13c,-13,no,0,confirmed
2026-09-27T03:22:59.051640+00:00,KXNCAAFSPREAD-26SEP25ARMYTEM-TEM5,cfb,volume spike x8.0,-13,no,0,confirmed
2026-09-27T03:22:59.051640+00:00,KXNCAAFSPREAD-26SEP25ARMYTEM-TEM6,cfb,price moved -14c,-14,no,0,confirmed
2026-09-27T03:22:59.051640+00:00,KXNCAAFSPREAD-26SEP25ARMYTEM-TEM7,cfb,price moved -16c,-16,no,0,confirmed
2026-09-27T03:22:59.051640+00:00,KXNCAAFSPREAD-26SEP25ARMYTEM-TEM7,cfb,volume spike x4.4,-16,no,0,confirmed
2026-09-27T03:22:59.051640+00:00,KXNCAAFSPREAD-26SEP25ARMYTEM-TEM8,cfb,price moved -6c,-6,no,0,confirmed
2026-09-27T03:22:59.051640+00:00,KXNCAAFSPREAD-26SEP25ARMYTEM-TEM10,cfb,price moved -7c,-7,no,0,confirmed
2026-09-27T03:22:59.051640+00:00,KXNCAAFSPREAD-26SEP25HARVBRWN-HARV38,cfb,price moved +21c,21,no,0,reversed
2026-09-27T04:23:07.342880+00:00,KXNCAAFSPREAD-26SEP26CPEWU-CP2,cfb,price moved -20c,-20,yes,100,reversed
2026-09-27T04:23:07.342880+00:00,KXNCAAFSPREAD-26SEP26CPEWU-CP2,cfb,volume spike x19.0,-20,yes,100,reversed
2026-09-27T04:23:07.342880+00:00,KXNCAAFSPREAD-26SEP26MIZZMSST-MSST2,cfb,volume spike x5.9,0,yes,100,push
2026-09-27T04:23:07.342880+00:00,KXNCAAFTOTAL-26SEP26PRSTWEB-83,cfb,price moved +14c,14,yes,100,confirmed
2026-09-27T04:23:07.342880+00:00,KXNCAAFSPREAD-26SEP26UTUUNCO-UNCO8,cfb,volume spike x3.9,-1,yes,100,reversed
2026-09-27T04:23:07.342880+00:00,KXNCAAFSPREAD-26SEP26ORSTUTEP-ORST28,cfb,price moved +16c,16,no,0,reversed
2026-09-27T04:23:07.342880+00:00,KXNCAAFTOTAL-26SEP26OREUSC-80,cfb,price moved +5c,5,no,0,reversed
2026-09-27T04:23:07.342880+00:00,KXNCAAFSPREAD-26SEP26MIZZMSST-MIZZ7,cfb,volume spike x9.1,3,no,0,reversed
2026-09-27T04:23:07.342880+00:00,KXNCAAFTOTAL-26SEP26CPEWU-60,cfb,volume spike x6.7,2,no,0,reversed
2026-09-27T04:23:07.342880+00:00,KXNCAAFSPREAD-26SEP26SIUMURR-SIU18,cfb,price moved -9c,-9,yes,100,reversed
2026-09-27T04:23:07.342880+00:00,KXNCAAFSPREAD-26SEP26ORSTUTEP-ORST31,cfb,volume spike x23.2,-3,no,0,confirmed
2026-09-27T04:23:07.342880+00:00,KXNCAAFTOTAL-26SEP26MIZZMSST-57,cfb,volume spike x3.5,0,no,0,push
2026-09-27T04:23:07.342880+00:00,KXNCAAFSPREAD-26SEP25HARVBRWN-HARV34,cfb,price moved +5c,5,no,0,reversed
2026-09-27T04:23:07.342880+00:00,KXNCAAFSPREAD-26SEP25HARVBRWN-HARV34,cfb,volume spike x51.8,5,no,0,reversed
2026-09-27T04:23:07.342880+00:00,KXNCAAFSPREAD-26SEP25HARVBRWN-HARV30,cfb,price moved +10c,10,no,0,reversed
2026-09-27T04:23:07.342880+00:00,KXNCAAFSPREAD-26SEP25HARVBRWN-HARV30,cfb,volume spike x15.5,10,no,0,reversed
2026-09-27T04:23:07.342880+00:00,KXNCAAFSPREAD-26SEP25HARVBRWN-HARV26,cfb,price moved -8c,-8,no,0,confirmed
2026-09-27T04:23:07.342880+00:00,KXNCAAFSPREAD-26SEP25HARVBRWN-HARV22,cfb,price moved +21c,21,no,0,reversed
2026-09-27T04:23:07.342880+00:00,KXNCAAFSPREAD-26SEP25HARVBRWN-HARV18,cfb,price moved +9c,9,no,0,reversed
2026-09-27T04:23:07.342880+00:00,KXNCAAFSPREAD-26SEP25HARVBRWN-HARV10,cfb,price moved +7c,7,no,0,reversed
2026-09-27T04:23:07.342880+00:00,KXNCAAFSPREAD-26SEP25HARVBRWN-BRWN3,cfb,volume spike x23.8,-2,no,0,confirmed
2026-09-27T04:23:07.342880+00:00,KXNCAAFSPREAD-26SEP25HARVBRWN-BRWN11,cfb,volume spike x5.2,3,no,0,reversed
2026-09-27T04:23:07.342880+00:00,KXNCAAFSPREAD-26SEP25HOWRUTG-RUTG64,cfb,price moved +14c,14,no,0,reversed
2026-09-27T04:23:07.342880+00:00,KXNCAAFSPREAD-26SEP25HOWRUTG-RUTG64,cfb,volume spike x5.6,14,no,0,reversed
2026-09-27T04:23:07.342880+00:00,KXNCAAFSPREAD-26SEP25HOWRUTG-RUTG61,cfb,price moved +15c,15,no,0,reversed
2026-09-27T04:23:07.342880+00:00,KXNCAAFSPREAD-26SEP25HOWRUTG-RUTG58,cfb,price moved +20c,20,no,0,reversed
2026-09-27T04:23:07.342880+00:00,KXNCAAFSPREAD-26SEP25HOWRUTG-RUTG58,cfb,volume spike x5.1,20,no,0,reversed
2026-09-27T04:23:07.342880+00:00,KXNCAAFSPREAD-26SEP25HOWRUTG-RUTG55,cfb,price moved +23c,23,no,0,reversed
2026-09-27T04:23:07.342880+00:00,KXNCAAFSPREAD-26SEP25HOWRUTG-RUTG55,cfb,volume spike x4.0,23,no,0,reversed
2026-09-27T04:23:07.342880+00:00,KXNCAAFSPREAD-26SEP25HOWRUTG-RUTG52,cfb,price moved +25c,25,no,0,reversed
2026-09-27T04:23:07.342880+00:00,KXNCAAFSPREAD-26SEP25HOWRUTG-RUTG52,cfb,volume spike x108.7,25,no,0,reversed
2026-09-27T04:23:07.342880+00:00,KXNCAAFSPREAD-26SEP25HOWRUTG-RUTG49,cfb,price moved +28c,28,yes,100,confirmed
2026-09-27T04:23:07.342880+00:00,KXNCAAFSPREAD-26SEP25HOWRUTG-RUTG46,cfb,price moved +28c,28,yes,100,confirmed
2026-09-27T04:23:07.342880+00:00,KXNCAAFSPREAD-26SEP25HOWRUTG-RUTG46,cfb,volume spike x3.8,28,yes,100,confirmed
2026-09-27T04:23:07.342880+00:00,KXNCAAFSPREAD-26SEP25HOWRUTG-RUTG43,cfb,price moved +28c,28,yes,100,confirmed
2026-09-27T04:23:07.342880+00:00,KXNCAAFSPREAD-26SEP25HOWRUTG-RUTG42,cfb,price moved +26c,26,yes,100,confirmed
2026-09-27T04:23:07.342880+00:00,KXNCAAFSPREAD-26SEP25HOWRUTG-RUTG39,cfb,price moved +26c,26,yes,100,confirmed
2026-09-27T04:23:07.342880+00:00,KXNCAAFSPREAD-26SEP25HOWRUTG-RUTG36,cfb,price moved +23c,23,yes,100,confirmed
2026-09-27T04:23:07.342880+00:00,KXNCAAFSPREAD-26SEP25HOWRUTG-RUTG34,cfb,price moved +12c,12,yes,100,confirmed
2026-09-27T04:23:07.342880+00:00,KXNCAAFSPREAD-26SEP25HOWRUTG-RUTG31,cfb,price moved +10c,10,yes,100,confirmed
2026-09-27T04:23:07.342880+00:00,KXNCAAFSPREAD-26SEP25HOWRUTG-RUTG28,cfb,price moved +11c,11,yes,100,confirmed
2026-09-27T04:23:07.342880+00:00,KXNCAAFSPREAD-26SEP25HOWRUTG-RUTG25,cfb,price moved +5c,5,yes,100,confirmed
2026-09-27T04:23:07.342880+00:00,KXNCAAFSPREAD-26SEP25NAVYUAB-NAVY28,cfb,price moved +6c,6,no,0,reversed
2026-09-27T04:23:07.342880+00:00,KXNCAAFSPREAD-26SEP25NAVYUAB-NAVY25,cfb,price moved +9c,9,no,0,reversed
2026-09-27T04:23:07.342880+00:00,KXNCAAFSPREAD-26SEP25NAVYUAB-NAVY21,cfb,price moved +14c,14,no,0,reversed
2026-09-27T04:23:07.342880+00:00,KXNCAAFSPREAD-26SEP25NAVYUAB-NAVY18,cfb,price moved -6c,-6,no,0,confirmed
2026-09-27T04:23:07.342880+00:00,KXNCAAFSPREAD-26SEP25NAVYUAB-NAVY17,cfb,price moved +20c,20,no,0,reversed
2026-09-27T04:23:07.342880+00:00,KXNCAAFSPREAD-26SEP25NAVYUAB-NAVY10,cfb,price moved -9c,-9,no,0,confirmed
2026-09-27T04:23:07.342880+00:00,KXNCAAFSPREAD-26SEP25NAVYUAB-NAVY7,cfb,price moved -5c,-5,no,0,confirmed
2026-09-27T04:23:07.342880+00:00,KXNCAAFSPREAD-26SEP25NAVYUAB-NAVY7,cfb,volume spike x4.2,-5,no,0,confirmed
2026-09-27T04:23:07.342880+00:00,KXNCAAFSPREAD-26SEP25NAVYUAB-NAVY6,cfb,price moved -7c,-7,no,0,confirmed
2026-09-27T04:23:07.342880+00:00,KXNCAAFSPREAD-26SEP25NAVYUAB-NAVY5,cfb,price moved -5c,-5,no,0,confirmed
2026-09-27T04:23:07.342880+00:00,KXNCAAFSPREAD-26SEP25NAVYUAB-NAVY5,cfb,volume spike x13.6,-5,no,0,confirmed
2026-09-27T04:23:07.342880+00:00,KXNCAAFSPREAD-26SEP25NAVYUAB-NAVY3,cfb,volume spike x8.3,-1,no,0,confirmed
2026-09-27T04:23:07.342880+00:00,KXNCAAFSPREAD-26SEP25NAVYUAB-UAB2,cfb,price moved +5c,5,yes,100,confirmed
2026-09-27T04:23:07.342880+00:00,KXNCAAFSPREAD-26SEP25NAVYUAB-UAB3,cfb,price moved +32c,32,yes,100,confirmed
2026-09-27T04:23:07.342880+00:00,KXNCAAFSPREAD-26SEP25NAVYUAB-UAB6,cfb,price moved +19c,19,no,0,reversed
2026-09-27T04:23:07.342880+00:00,KXNCAAFSPREAD-26SEP25NAVYUAB-UAB10,cfb,volume spike x20.1,-4,no,0,confirmed
2026-09-27T04:23:07.342880+00:00,KXNCAAFSPREAD-26SEP25NAVYUAB-UAB11,cfb,volume spike x12.8,0,no,0,push
2026-09-27T04:23:07.342880+00:00,KXNCAAFSPREAD-26SEP25NWIND-IND39,cfb,volume spike x10.1,0,no,0,push
2026-09-27T04:23:07.342880+00:00,KXNCAAFSPREAD-26SEP25CLEMCAL-CLEM10,cfb,volume spike x3.2,0,yes,100,push
2026-09-27T04:23:07.342880+00:00,KXNCAAFSPREAD-26SEP25CLEMCAL-CAL5,cfb,volume spike x3.2,-1,no,0,confirmed
2026-09-27T04:23:07.342880+00:00,KXNCAAFSPREAD-26SEP26CHATCIT-CHAT18,cfb,price moved +31c,31,yes,100,confirmed
2026-09-27T04:23:07.342880+00:00,KXNCAAFSPREAD-26SEP26CHATCIT-CHAT14,cfb,price moved +5c,5,yes,100,confirmed
2026-09-27T04:23:07.342880+00:00,KXNCAAFSPREAD-26SEP26OKLAUGA-OKLA5,cfb,price moved +11c,11,no,0,reversed
2026-09-27T04:23:07.342880+00:00,KXNCAAFSPREAD-26SEP26HOUGASO-HOU12,cfb,volume spike x59.0,-1,yes,100,reversed
2026-09-27T04:23:07.342880+00:00,KXNCAAFSPREAD-26SEP26TXSOALCN-ALCN7,cfb,price moved +40c,40,no,0,reversed
2026-09-27T04:23:07.342880+00:00,KXNCAAFSPREAD-26SEP26TXSOALCN-TXSO2,cfb,price moved -6c,-6,no,0,confirmed
2026-09-27T04:23:07.342880+00:00,KXNCAAFSPREAD-26SEP26TXSOALCN-TXSO2,cfb,volume spike x8.3,-6,no,0,confirmed
2026-09-27T04:23:07.342880+00:00,KXNCAAFSPREAD-26SEP26TXSOALCN-TXSO6,cfb,price moved +27c,27,no,0,reversed
2026-09-27T04:23:07.342880+00:00,KXNCAAFSPREAD-26SEP26GRAMPV-PV16,cfb,price moved +40c,40,no,0,reversed
2026-09-27T04:23:07.342880+00:00,KXNCAAFSPREAD-26SEP26NORFCHS-CHS23,cfb,price moved +8c,8,no,0,reversed
2026-09-27T04:23:07.342880+00:00,KXNCAAFTOTAL-26SEP25ARMYTEM-34,cfb,price moved +6c,6,yes,100,confirmed
2026-09-27T04:23:07.342880+00:00,KXNCAAFTOTAL-26SEP25ARMYTEM-37,cfb,price moved +25c,25,yes,100,confirmed
2026-09-27T04:23:07.342880+00:00,KXNCAAFTOTAL-26SEP25ARMYTEM-40,cfb,price moved -39c,-39,no,0,confirmed
2026-09-27T04:23:07.342880+00:00,KXNCAAFTOTAL-26SEP25ARMYTEM-43,cfb,price moved -25c,-25,no,0,confirmed
2026-09-27T04:23:07.342880+00:00,KXNCAAFTOTAL-26SEP25ARMYTEM-46,cfb,price moved -30c,-30,no,0,confirmed
2026-09-27T04:23:07.342880+00:00,KXNCAAFTOTAL-26SEP25ARMYTEM-49,cfb,price moved -27c,-27,no,0,confirmed
2026-09-27T04:23:07.342880+00:00,KXNCAAFTOTAL-26SEP25ARMYTEM-50,cfb,price moved -16c,-16,no,0,confirmed
2026-09-27T04:23:07.342880+00:00,KXNCAAFTOTAL-26SEP25ARMYTEM-51,cfb,price moved -17c,-17,no,0,confirmed
2026-09-27T04:23:07.342880+00:00,KXNCAAFTOTAL-26SEP25ARMYTEM-52,cfb,price moved -15c,-15,no,0,confirmed
2026-09-27T04:23:07.342880+00:00,KXNCAAFTOTAL-26SEP25ARMYTEM-53,cfb,price moved -11c,-11,no,0,confirmed
2026-09-27T04:23:07.342880+00:00,KXNCAAFTOTAL-26SEP25ARMYTEM-54,cfb,price moved -11c,-11,no,0,confirmed
2026-09-27T04:23:07.342880+00:00,KXNCAAFTOTAL-26SEP25ARMYTEM-55,cfb,price moved -8c,-8,no,0,confirmed
2026-09-27T04:23:07.342880+00:00,KXNCAAFTOTAL-26SEP25ARMYTEM-58,cfb,price moved -5c,-5,no,0,confirmed
2026-09-27T04:23:07.342880+00:00,KXNCAAFTOTAL-26SEP25ARMYTEM-61,cfb,price moved -6c,-6,no,0,confirmed
2026-09-27T04:23:07.342880+00:00,KXNCAAFTOTAL-26SEP25HARVBRWN-30,cfb,price moved -19c,-19,no,0,confirmed
2026-09-27T04:23:07.342880+00:00,KXNCAAFTOTAL-26SEP25HARVBRWN-38,cfb,price moved +48c,48,no,0,reversed
2026-09-27T04:23:07.342880+00:00,KXNCAAFTOTAL-26SEP25HARVBRWN-42,cfb,price moved -12c,-12,no,0,confirmed
2026-09-27T04:23:07.342880+00:00,KXNCAAFTOTAL-26SEP25HARVBRWN-46,cfb,price moved -13c,-13,no,0,confirmed
2026-09-27T04:23:07.342880+00:00,KXNCAAFTOTAL-26SEP25HARVBRWN-50,cfb,price moved -11c,-11,no,0,confirmed
2026-09-27T04:23:07.342880+00:00,KXNCAAFTOTAL-26SEP25HARVBRWN-54,cfb,price moved -6c,-6,no,0,confirmed
2026-09-27T04:23:07.342880+00:00,KXNCAAFTOTAL-26SEP25HARVBRWN-70,cfb,price moved +5c,5,no,0,reversed
2026-09-27T04:23:07.342880+00:00,KXNCAAFTOTAL-26SEP25HOWRUTG-37,cfb,volume spike x5.1,3,yes,100,confirmed
2026-09-27T04:23:07.342880+00:00,KXNCAAFTOTAL-26SEP25HOWRUTG-40,cfb,price moved +5c,5,yes,100,confirmed
2026-09-27T04:23:07.342880+00:00,KXNCAAFTOTAL-26SEP25HOWRUTG-43,cfb,price moved +9c,9,yes,100,confirmed
2026-09-27T04:23:07.342880+00:00,KXNCAAFTOTAL-26SEP25HOWRUTG-46,cfb,price moved +13c,13,yes,100,confirmed
2026-09-27T04:23:07.342880+00:00,KXNCAAFTOTAL-26SEP25HOWRUTG-46,cfb,volume spike x4.5,13,yes,100,confirmed
2026-09-27T04:23:07.342880+00:00,KXNCAAFTOTAL-26SEP25HOWRUTG-49,cfb,price moved +17c,17,yes,100,confirmed
2026-09-27T04:23:07.342880+00:00,KXNCAAFTOTAL-26SEP25HOWRUTG-52,cfb,price moved +17c,17,yes,100,confirmed
2026-09-27T04:23:07.342880+00:00,KXNCAAFTOTAL-26SEP25HOWRUTG-53,cfb,price moved +17c,17,yes,100,confirmed
2026-09-27T04:23:07.342880+00:00,KXNCAAFTOTAL-26SEP25HOWRUTG-54,cfb,price moved +17c,17,yes,100,confirmed
2026-09-27T04:23:07.342880+00:00,KXNCAAFTOTAL-26SEP25HOWRUTG-55,cfb,price moved +18c,18,yes,100,confirmed
2026-09-27T04:23:07.342880+00:00,KXNCAAFTOTAL-26SEP25HOWRUTG-56,cfb,price moved +17c,17,yes,100,confirmed
2026-09-27T04:23:07.342880+00:00,KXNCAAFTOTAL-26SEP25HOWRUTG-57,cfb,price moved +18c,18,yes,100,confirmed
2026-09-27T04:23:07.342880+00:00,KXNCAAFTOTAL-26SEP25HOWRUTG-58,cfb,price moved +24c,24,yes,100,confirmed
2026-09-27T04:23:07.342880+00:00,KXNCAAFTOTAL-26SEP25HOWRUTG-61,cfb,price moved +23c,23,yes,100,confirmed
2026-09-27T04:23:07.342880+00:00,KXNCAAFTOTAL-26SEP25HOWRUTG-61,cfb,volume spike x3.5,23,yes,100,confirmed
2026-09-27T04:23:07.342880+00:00,KXNCAAFTOTAL-26SEP25HOWRUTG-64,cfb,price moved +24c,24,yes,100,confirmed
2026-09-27T04:23:07.342880+00:00,KXNCAAFTOTAL-26SEP25HOWRUTG-64,cfb,volume spike x53.7,24,yes,100,confirmed
2026-09-27T04:23:07.342880+00:00,KXNCAAFTOTAL-26SEP25HOWRUTG-67,cfb,price moved +21c,21,no,0,reversed
2026-09-27T04:23:07.342880+00:00,KXNCAAFTOTAL-26SEP25HOWRUTG-70,cfb,price moved +19c,19,no,0,reversed
2026-09-27T04:23:07.342880+00:00,KXNCAAFTOTAL-26SEP25HOWRUTG-70,cfb,volume spike x46.5,19,no,0,reversed
2026-09-27T04:23:07.342880+00:00,KXNCAAFTOTAL-26SEP25HOWRUTG-73,cfb,price moved +12c,12,no,0,reversed
2026-09-27T04:23:07.342880+00:00,KXNCAAFTOTAL-26SEP25HOWRUTG-73,cfb,volume spike x38.6,12,no,0,reversed
2026-09-27T04:23:07.342880+00:00,KXNCAAFTOTAL-26SEP25HOWRUTG-76,cfb,price moved +11c,11,no,0,reversed
2026-09-27T04:23:07.342880+00:00,KXNCAAFTOTAL-26SEP25NAVYUAB-35,cfb,volume spike x4.3,0,yes,100,push
2026-09-27T04:23:07.342880+00:00,KXNCAAFTOTAL-26SEP25NAVYUAB-38,cfb,price moved -17c,-17,yes,100,reversed
2026-09-27T04:23:07.342880+00:00,KXNCAAFTOTAL-26SEP25NAVYUAB-41,cfb,price moved -13c,-13,yes,100,reversed
2026-09-27T04:23:07.342880+00:00,KXNCAAFTOTAL-26SEP25NAVYUAB-44,cfb,price moved -19c,-19,yes,100,reversed
2026-09-27T04:23:07.342880+00:00,KXNCAAFTOTAL-26SEP25NAVYUAB-44,cfb,volume spike x5.2,-19,yes,100,reversed
2026-09-27T04:23:07.342880+00:00,KXNCAAFTOTAL-26SEP25NAVYUAB-47,cfb,price moved -22c,-22,no,0,confirmed
2026-09-27T04:23:07.342880+00:00,KXNCAAFTOTAL-26SEP25NAVYUAB-47,cfb,volume spike x6.5,-22,no,0,confirmed
2026-09-27T04:23:07.342880+00:00,KXNCAAFTOTAL-26SEP25NAVYUAB-50,cfb,price moved -21c,-21,no,0,confirmed
2026-09-27T04:23:07.342880+00:00,KXNCAAFTOTAL-26SEP25NAVYUAB-50,cfb,volume spike x4.0,-21,no,0,confirmed
2026-09-27T04:23:07.342880+00:00,KXNCAAFTOTAL-26SEP25NAVYUAB-53,cfb,price moved -16c,-16,no,0,confirmed
2026-09-27T04:23:07.342880+00:00,KXNCAAFTOTAL-26SEP25NAVYUAB-54,cfb,price moved -14c,-14,no,0,confirmed
2026-09-27T04:23:07.342880+00:00,KXNCAAFTOTAL-26SEP25NAVYUAB-55,cfb,price moved -13c,-13,no,0,confirmed
2026-09-27T04:23:07.342880+00:00,KXNCAAFTOTAL-26SEP25NAVYUAB-56,cfb,price moved -14c,-14,no,0,confirmed
2026-09-27T04:23:07.342880+00:00,KXNCAAFTOTAL-26SEP25NAVYUAB-56,cfb,volume spike x30.2,-14,no,0,confirmed
2026-09-27T04:23:07.342880+00:00,KXNCAAFTOTAL-26SEP25NAVYUAB-57,cfb,price moved -14c,-14,no,0,confirmed
2026-09-27T04:23:07.342880+00:00,KXNCAAFTOTAL-26SEP25NAVYUAB-58,cfb,price moved -17c,-17,no,0,confirmed
2026-09-27T04:23:07.342880+00:00,KXNCAAFTOTAL-26SEP25NAVYUAB-58,cfb,volume spike x8.9,-17,no,0,confirmed
2026-09-27T04:23:07.342880+00:00,KXNCAAFTOTAL-26SEP25NAVYUAB-59,cfb,price moved -11c,-11,no,0,confirmed
2026-09-27T04:23:07.342880+00:00,KXNCAAFTOTAL-26SEP25NAVYUAB-62,cfb,price moved -14c,-14,no,0,confirmed
2026-09-27T04:23:07.342880+00:00,KXNCAAFTOTAL-26SEP25NAVYUAB-62,cfb,volume spike x3.7,-14,no,0,confirmed
